----INSERT JOBSEEKER TABLE 
INSERT INTO [PerfectAnalyst.JobSeeker] VALUES ('JS001','Geetanjali','Menon','3/24/1997','gmenon@umd.edu','5640192911','Hyattsville','MD','20783')
INSERT INTO [PerfectAnalyst.JobSeeker] VALUES ('JS002','Aishwarya','Sadagopan','3/24/1997','aishsada@umd.edu','2402475110','Hyattsville','MD','20783')
INSERT INTO [PerfectAnalyst.JobSeeker] VALUES ('JS003','Alekya ','Ghanta','3/24/1997','alekya99@umd.edu','2405755210','Hyattsville','MD','20783')
INSERT INTO [PerfectAnalyst.JobSeeker] VALUES ('JS004','Nishanthi','Ravichandran','3/24/1997','nisha29r@umd.edu','2402775177','College Park','MD','20740')
INSERT INTO [PerfectAnalyst.JobSeeker] VALUES ('JS005','Gouri ','Thampi','3/24/1997','gthampi@umd.edu','5640192912','Hyattsville','MD','20783')
INSERT INTO [PerfectAnalyst.JobSeeker] VALUES ('JS006','Nidhi','Nambiar','3/24/1997','nnambiar@umd.edu','5640192913','Hyattsville','MD','20783')
INSERT INTO [PerfectAnalyst.JobSeeker] VALUES ('JS007','Adhira','Ranjitkumar','3/24/1997','adhira@umd.edu','5640192914','Hyattsville','MD','20783')
INSERT INTO [PerfectAnalyst.JobSeeker] VALUES ('JS008','Varsha','Muralidaran','3/24/1997','varsham@umd.edu','5640192915','Hyattsville','MD','20783')
INSERT INTO [PerfectAnalyst.JobSeeker] VALUES ('JS009','Ireene ','Philip','3/24/1997','ireenmp@umd.edu','5640192916','Hyattsville','MD','20783')
INSERT INTO [PerfectAnalyst.JobSeeker] VALUES ('JS010','Sanchita','Sharma','3/24/1997','sanchi22@umd.edu','2409259229','College Park','MD','20740')
INSERT INTO [PerfectAnalyst.JobSeeker] VALUES ('JS011','Haareca','Chintala','3/24/1997','haareca@umd.edu','2409452889','Annapolis','MD','21401')
INSERT INTO [PerfectAnalyst.JobSeeker] VALUES ('JS012','Ngoc','Dinh','3/24/1997','ngocdinh@umd.edu','2407668966','Annapolis','MD','21401')
INSERT INTO [PerfectAnalyst.JobSeeker] VALUES ('JS013','Aparna','Raghavendra Rao','3/24/1997','aparna96@umd.edu','2402628887','College Park','MD','20740')
INSERT INTO [PerfectAnalyst.JobSeeker] VALUES ('JS014','Anjali','Yamdagni','3/24/1997','yamdagni@umd.edu','2407758277','College Park','MD','20740')
INSERT INTO [PerfectAnalyst.JobSeeker] VALUES ('JS015','Rahul','Vasanth','3/24/1997','rvasanth@umd.edu','2403778937','College Park','MD','20740')


---JOB SEEKER EXP
INSERT INTO [PerfectAnalyst.JobSeekerPreviousExperience] VALUES ('JS001','Deloitte - Analyst')
INSERT INTO [PerfectAnalyst.JobSeekerPreviousExperience] VALUES ('JS002','Deloitte - Consultant')
INSERT INTO [PerfectAnalyst.JobSeekerPreviousExperience] VALUES ('JS002','ZS - Decision Analyst')
INSERT INTO [PerfectAnalyst.JobSeekerPreviousExperience] VALUES ('JS002','ICICI - Business Analyst')
INSERT INTO [PerfectAnalyst.JobSeekerPreviousExperience] VALUES ('JS003','Eversana - Business Analyst')
INSERT INTO [PerfectAnalyst.JobSeekerPreviousExperience] VALUES ('JS003','Spinny - Business Analyst')
INSERT INTO [PerfectAnalyst.JobSeekerPreviousExperience] VALUES ('JS005','EY - Data Analyst')
INSERT INTO [PerfectAnalyst.JobSeekerPreviousExperience] VALUES ('JS005','Deloitte - Analyst')
INSERT INTO [PerfectAnalyst.JobSeekerPreviousExperience] VALUES ('JS005','Deloitte - Consultant')
INSERT INTO [PerfectAnalyst.JobSeekerPreviousExperience] VALUES ('JS006','Accenture - Software Engineer')
INSERT INTO [PerfectAnalyst.JobSeekerPreviousExperience] VALUES ('JS007','Synopsys - Software Engineer')
INSERT INTO [PerfectAnalyst.JobSeekerPreviousExperience] VALUES ('JS008','Infosys - Systems Engineer')
INSERT INTO [PerfectAnalyst.JobSeekerPreviousExperience] VALUES ('JS008','Infosys - Senior Systems Engineer')

--- JOB SEEKER PREVIOUS EDUCATION 

INSERT INTO [PerfectAnalyst.JobSeekerEducation] VALUES ('JS001','Bachelors')
INSERT INTO [PerfectAnalyst.JobSeekerEducation] VALUES ('JS001','Masters')
INSERT INTO [PerfectAnalyst.JobSeekerEducation] VALUES ('JS002','Bachelors')
INSERT INTO [PerfectAnalyst.JobSeekerEducation] VALUES ('JS002','Masters')
INSERT INTO [PerfectAnalyst.JobSeekerEducation] VALUES ('JS003','Bachelors')
INSERT INTO [PerfectAnalyst.JobSeekerEducation] VALUES ('JS004','Bachelors')
INSERT INTO [PerfectAnalyst.JobSeekerEducation] VALUES ('JS004','Masters')
INSERT INTO [PerfectAnalyst.JobSeekerEducation] VALUES ('JS005','Bachelors')
INSERT INTO [PerfectAnalyst.JobSeekerEducation] VALUES ('JS005','Masters')
INSERT INTO [PerfectAnalyst.JobSeekerEducation] VALUES ('JS005','PhD')
INSERT INTO [PerfectAnalyst.JobSeekerEducation] VALUES ('JS006','Bachelors')
INSERT INTO [PerfectAnalyst.JobSeekerEducation] VALUES ('JS006','PhD')
INSERT INTO [PerfectAnalyst.JobSeekerEducation] VALUES ('JS007','Bachelors')
INSERT INTO [PerfectAnalyst.JobSeekerEducation] VALUES ('JS008','Bachelors')
INSERT INTO [PerfectAnalyst.JobSeekerEducation] VALUES ('JS008','Masters')
INSERT INTO [PerfectAnalyst.JobSeekerEducation] VALUES ('JS009','Bachelors')
INSERT INTO [PerfectAnalyst.JobSeekerEducation] VALUES ('JS010','Bachelors')
INSERT INTO [PerfectAnalyst.JobSeekerEducation] VALUES ('JS010','Masters')
INSERT INTO [PerfectAnalyst.JobSeekerEducation] VALUES ('JS011','Bachelors')
INSERT INTO [PerfectAnalyst.JobSeekerEducation] VALUES ('JS011','PhD')
INSERT INTO [PerfectAnalyst.JobSeekerEducation] VALUES ('JS012','Bachelors')
INSERT INTO [PerfectAnalyst.JobSeekerEducation] VALUES ('JS013','Bachelors')
INSERT INTO [PerfectAnalyst.JobSeekerEducation] VALUES ('JS014','Bachelors')
INSERT INTO [PerfectAnalyst.JobSeekerEducation] VALUES ('JS015','Bachelors')


--COMPANY TABLE 
INSERT INTO [PerfectAnalyst.Company] VALUES ('C0001','Capital One','Banking & Lending','Mc Lean','VA','10000+')
INSERT INTO [PerfectAnalyst.Company] VALUES ('C0002','MatchPointe Group','Information Technology Field','San Mateo','CA','1-50')
INSERT INTO [PerfectAnalyst.Company] VALUES ('C0003','Unbound','Crowdfunded Publishing','San Jose','CA','1-50')
INSERT INTO [PerfectAnalyst.Company] VALUES ('C0004','LoanPro','Software Development','Farmington','UT','51-200')
INSERT INTO [PerfectAnalyst.Company] VALUES ('C0005','Synchrony System','Banking & Lending','Stamford','CT','10000+')
INSERT INTO [PerfectAnalyst.Company] VALUES ('C0006','THE TIRE RACK, INC','Automotive Parts & Accessories Stores','South Bend','IN','501-1000')
INSERT INTO [PerfectAnalyst.Company] VALUES ('C0007','Quintrix Solutions','Information Technology Support Services','Union','NJ','51-200')
INSERT INTO [PerfectAnalyst.Company] VALUES ('C0008','Commonwealth Health Insurance Connector Authority','Insurance Carriers','Boston','MA','1-50')
INSERT INTO [PerfectAnalyst.Company] VALUES ('C0009','NinjaTrader','Investment & Asset Management','Chicago','CO','201-500')
INSERT INTO [PerfectAnalyst.Company] VALUES ('C0010','National Association of State Workforce Agencies','Government Relations Services','Washington, DC','','51-200')
INSERT INTO [PerfectAnalyst.Company] VALUES ('C0011','Market America Inc','Advertising & Public Relations','Greensboro','NC','501-1000')
INSERT INTO [PerfectAnalyst.Company] VALUES ('C0012','Powin Energy Operating LLC','Energy & Utilities','Tualatin','OR','201-500')
INSERT INTO [PerfectAnalyst.Company] VALUES ('C0013','Lifescan Labs of Illinois','Health Care Services & Hospitals','Skokie','IL','51-200')
INSERT INTO [PerfectAnalyst.Company] VALUES ('C0014','Stefanini','Information Technology Support Services','Southfield','MI','10000+')
INSERT INTO [PerfectAnalyst.Company] VALUES ('C0015','IITmatrix','IT Services and IT Consulting','Jersey City','NJ','51-200')
INSERT INTO [PerfectAnalyst.Company] VALUES ('C0016','Salt River Project','Energy & Utilities','Tempe','AZ','1001-5000')
INSERT INTO [PerfectAnalyst.Company] VALUES ('C0017','etrailer.com','Automotive Parts & Accessories Stores','Wentzville','MO','501-1000')
INSERT INTO [PerfectAnalyst.Company] VALUES ('C0018','DISH','Cable, Internet & Telephone Providers','Englewood','CO','10000+')
INSERT INTO [PerfectAnalyst.Company] VALUES ('C0019','Nolij Consulting','Business Consulting','Vienna','VA','51-200')
INSERT INTO [PerfectAnalyst.Company] VALUES ('C0020','Aviation Structure Repairs','Aviation and Aerospace Component Manufacturing','San Antonio','TX','1-50')
INSERT INTO [PerfectAnalyst.Company] VALUES ('C0021','CEDENT','Computer Hardware Development','Frisco','TX','1-50')
INSERT INTO [PerfectAnalyst.Company] VALUES ('C0022','Spry Squared, Inc.','Information Technology Support Services','Englewood','CO','1-50')
INSERT INTO [PerfectAnalyst.Company] VALUES ('C0023','TELUS Agriculture & Consumer Goods','IT Services and IT Consulting','Charlotte','NC','1,001-5,000')
INSERT INTO [PerfectAnalyst.Company] VALUES ('C0024','FullStack Labs','Internet & Web Services','Sacramento','CA','201-500')
INSERT INTO [PerfectAnalyst.Company] VALUES ('C0025','SOFT O SOFT Inc','Information Technology Support Services','Schaumburg','IL','1-50')
INSERT INTO [PerfectAnalyst.Company] VALUES ('C0026','DexCare','Healthcare','Seattle','WA','51-200')
INSERT INTO [PerfectAnalyst.Company] VALUES ('C0027','Medical Solutions, LLC','Health Care Products Manufacturing','Chantilly','VA','51-200')
INSERT INTO [PerfectAnalyst.Company] VALUES ('C0028','Mercury General','Insurance Carriers','Los Angeles','CA','1001-5000')
INSERT INTO [PerfectAnalyst.Company] VALUES ('C0029','Trellance','Information Technology Support Services','Tampa','FL','201-500')
INSERT INTO [PerfectAnalyst.Company] VALUES ('C0030','FPT Software','Information Technology Support Services','Richardson','TX','10000+')
INSERT INTO [PerfectAnalyst.Company] VALUES ('C0031','AIM Technical Consultants','Information Technology Support Services','Pickerington','OH','1-50')
INSERT INTO [PerfectAnalyst.Company] VALUES ('C0032','PCS Global Tech','Information Technology Support Services','Philadelphia','PA','501-1000')
INSERT INTO [PerfectAnalyst.Company] VALUES ('C0033','Insight Global','HR Consulting','Atlanta','GA','1001-5000')
INSERT INTO [PerfectAnalyst.Company] VALUES ('C0034','Sekon','Information Technology Support Services','Reston','VA','51-200')
INSERT INTO [PerfectAnalyst.Company] VALUES ('C0035','Memorial Sloan Kettering Cancer Center','Health Care Services & Hospitals','New York','NY','10000+')
INSERT INTO [PerfectAnalyst.Company] VALUES ('C0036','Kraft Analytics Group','Enterprise Software & Network Solutions','Foxborough','MA','51-200')
INSERT INTO [PerfectAnalyst.Company] VALUES ('C0037','Hewlett Packard Enterprise','Information Technology Support Services','Houston','TX','10000+ ')
INSERT INTO [PerfectAnalyst.Company] VALUES ('C0038','UnitedHealth Group','Health Care Services & Hospitals','Minnetonka','MN','10000+')
INSERT INTO [PerfectAnalyst.Company] VALUES ('C0039','Google','Internet & Web Services','Mountain View','CA','10000+')
INSERT INTO [PerfectAnalyst.Company] VALUES ('C0040','Medical University of South Carolina','Health Care Services & Hospitals','Charleston','SC','10000+')
INSERT INTO [PerfectAnalyst.Company] VALUES ('C0041','Bon Secours Mercy Health','Health Care Services & Hospitals','Cincinnati','OH','10000+')
INSERT INTO [PerfectAnalyst.Company] VALUES ('C0042','TARGET','General Merchandise & Superstores','Minneapolis','MN','10000+')
INSERT INTO [PerfectAnalyst.Company] VALUES ('C0043','Providence','Health Care Services & Hospitals','Renton','WA','10000+')
INSERT INTO [PerfectAnalyst.Company] VALUES ('C0044','Professional Staffing Services','Building & Personnel Services','Fort Myers','FL','51-200')
INSERT INTO [PerfectAnalyst.Company] VALUES ('C0045','Source Group International','HR Consulting','London','UK','51-200')
INSERT INTO [PerfectAnalyst.Company] VALUES ('C0046','Sonder','Hotels & Resorts','San Francisco','CA','501-1000')
INSERT INTO [PerfectAnalyst.Company] VALUES ('C0047','NTWRK','Media & Entertainment Stores','Los Angeles','CA','51-200')
INSERT INTO [PerfectAnalyst.Company] VALUES ('C0048','Affirm','Banking & Lending','San Francisco','CA','501-1000')
INSERT INTO [PerfectAnalyst.Company] VALUES ('C0049','State Farm','Insurance Carriers','Bloomington','IL','10000+')
INSERT INTO [PerfectAnalyst.Company] VALUES ('C0050','Nike','Consumer Product Manufacturing','Beaverton','OR','10000+')
INSERT INTO [PerfectAnalyst.Company] VALUES ('C0051','VA Boston Healthcare System','Health Care Services & Hospitals','Boston','MA','201-500')
INSERT INTO [PerfectAnalyst.Company] VALUES ('C0052','Blue Cross Blue Shield','Nonprofit Organization','Detroirt','MI','5001-10000')
INSERT INTO [PerfectAnalyst.Company] VALUES ('C0053','Rhode Island Quality Institute','Nonprofit Organization','Providence','RI','51-200')
INSERT INTO [PerfectAnalyst.Company] VALUES ('C0054','Ascendo Resources','HR Consulting','Miami','FL','51-200')
INSERT INTO [PerfectAnalyst.Company] VALUES ('C0055','Northwest Human Services, Inc.','Nonprofit Organization','Salem','OR','201-500')
INSERT INTO [PerfectAnalyst.Company] VALUES ('C0056','Bioderm Inc.','Health Care Products Manufacturing','Largo','FL','51-200')
INSERT INTO [PerfectAnalyst.Company] VALUES ('C0057','Arizona Veterans Research and Education Foundation','State & Regional Agencies','Phoenix','AZ','51-200')
INSERT INTO [PerfectAnalyst.Company] VALUES ('C0058','OrboGraph','Company - Public','Billercia','MA','1-50')
INSERT INTO [PerfectAnalyst.Company] VALUES ('C0059','Heyday Skincare Corporate','Nonprofit Organization','Berkeley','CA','1-50')
INSERT INTO [PerfectAnalyst.Company] VALUES ('C0060','DOWC','Machinery Manufacturing','Ringwood','NJ','51-200')
INSERT INTO [PerfectAnalyst.Company] VALUES ('C0061','First American Financial Corporation','Insurance Carriers','Santa Ana','CA','10000+')
INSERT INTO [PerfectAnalyst.Company] VALUES ('C0062','RMANJ Management LLC','Health Care Services & Hospitals','Basking Ridge','NJ','1001-5000')
INSERT INTO [PerfectAnalyst.Company] VALUES ('C0063','Ipsos North America','Business Consulting','New York','NY','10000+')
INSERT INTO [PerfectAnalyst.Company] VALUES ('C0064','NewAge Products Inc','Company - Private','Redlands','CA','51-200')
INSERT INTO [PerfectAnalyst.Company] VALUES ('C0065','Occam Solutions','Business Consulting','Herndon','VA','1-50')
INSERT INTO [PerfectAnalyst.Company] VALUES ('C0066','The Chicago Community Trust','Nonprofit Organization','Chicago','IL','51-200')
INSERT INTO [PerfectAnalyst.Company] VALUES ('C0067','Sift Healthcare','Unknown','Milwaukee','WI','1-50')
INSERT INTO [PerfectAnalyst.Company] VALUES ('C0068','ParityFactory LLC','Computer Hardware Development','Bothell','WA','1-50')
INSERT INTO [PerfectAnalyst.Company] VALUES ('C0069','Churchill Downs Racetrack LLC','Gambling','Louisville','KY','1001-5000')
INSERT INTO [PerfectAnalyst.Company] VALUES ('C0070','The Carolinas Center for Medical Excellence','Health Care Services & Hospitals','Cary','NC','51-200')
INSERT INTO [PerfectAnalyst.Company] VALUES ('C0071','Geopaq','Computer Hardware Development','Irvine','CA','1-50')
INSERT INTO [PerfectAnalyst.Company] VALUES ('C0072','Clairvoyant','Information Technology Support Services','Chandler','AZ','501-1000')
INSERT INTO [PerfectAnalyst.Company] VALUES ('C0073','HEARTLAND BUSINESS SYSTEMS LLC','Information Technology Support Services','Little Chute','WI','501-1000')
INSERT INTO [PerfectAnalyst.Company] VALUES ('C0074','Snappyhires','Machinery Manufacturing','New York','NY','51-200')
INSERT INTO [PerfectAnalyst.Company] VALUES ('C0075','Adobe Care And Wellness LLC','Health Care Services & Hospitals','Mesa','AZ','201-500')
INSERT INTO [PerfectAnalyst.Company] VALUES ('C0076','MilliporeSigma','Biotech & Pharmaceuticals','Burlington','MA','10000+')
INSERT INTO [PerfectAnalyst.Company] VALUES ('C0077','Ohio Childrens Alliance','Nonprofit Organization','Columbus','OH','1-50')
INSERT INTO [PerfectAnalyst.Company] VALUES ('C0078','Castellini Company LLC','Wholesale','Wilder','KY','501-1000')
INSERT INTO [PerfectAnalyst.Company] VALUES ('C0079','Radcube LLC','Information Technology Support Services','Indianapolis','IN','51-200')
INSERT INTO [PerfectAnalyst.Company] VALUES ('C0080','Webhelp Americas','HR Consulting','Mason','OH','10000+')
INSERT INTO [PerfectAnalyst.Company] VALUES ('C0081','Acorn Health','Health Care Services & Hospitals','Coral Gables','FL','1001-5000')
INSERT INTO [PerfectAnalyst.Company] VALUES ('C0082','Wolverine Trading','Investment & Asset Management','Chicago','IL','201-500')
INSERT INTO [PerfectAnalyst.Company] VALUES ('C0083','FocusKPI Inc.','Advertising & Public Relations','Santa Clara','CA','51-200')
INSERT INTO [PerfectAnalyst.Company] VALUES ('C0084','KesarWeb','Company - Private','Langhorne','PA','1-50')
INSERT INTO [PerfectAnalyst.Company] VALUES ('C0085','Aston Carter','HR Consulting','Hanover','MD','1001-5000')
INSERT INTO [PerfectAnalyst.Company] VALUES ('C0086','Kelsey-Seybold','Health Care Services & Hospitals','Pearland','TX','1001-5000')
INSERT INTO [PerfectAnalyst.Company] VALUES ('C0087','Deloitte','Accounting & Tax','New York','NY','10000+')
INSERT INTO [PerfectAnalyst.Company] VALUES ('C0088','LifeWay Christian Resources','Nonprofit Organization','Nashville','TN','1001-5000')
INSERT INTO [PerfectAnalyst.Company] VALUES ('C0089','Hertz','Car & Truck Rental','Estero','FL','10000+')
INSERT INTO [PerfectAnalyst.Company] VALUES ('C0090','CorroHealth','Health Care Services & Hospitals','Plano','TX','1001-5000')
INSERT INTO [PerfectAnalyst.Company] VALUES ('C0091','Hertz Rent A Car','Car & Truck Rental','Estero','FL','10000+')
INSERT INTO [PerfectAnalyst.Company] VALUES ('C0092','Cushman & Wakefield','Real Estate','Chicago','IL','10000+')
INSERT INTO [PerfectAnalyst.Company] VALUES ('C0093','Cascade Energy Inc','Energy & Utilities','Portland','OR','51-200')
INSERT INTO [PerfectAnalyst.Company] VALUES ('C0094','U.S. Bank','Banking & Lending','Minneapolis','MN','10000+')
INSERT INTO [PerfectAnalyst.Company] VALUES ('C0095','ALDI','Grocery Stores','Batavia','IL','10000+')
INSERT INTO [PerfectAnalyst.Company] VALUES ('C0096','MU Health Care','Health Care Services & Hospitals','Columbia','MO','5001-10000')
INSERT INTO [PerfectAnalyst.Company] VALUES ('C0097','Verizon','Telecommunications Services','New york','NY','10000+')
INSERT INTO [PerfectAnalyst.Company] VALUES ('C0098','3GIMBALS','Defense and Space Manufacturing','Miami','FL','1-50')
INSERT INTO [PerfectAnalyst.Company] VALUES ('C0099','Plaxonic Technologies','Information Technology Support Services','Tarpon Springs','FL','51-200')
INSERT INTO [PerfectAnalyst.Company] VALUES ('C0100','Peek Vision Ltd','manufacturer of medical devices','London','UK','1-50')
INSERT INTO [PerfectAnalyst.Company] VALUES ('C0101','Victory Capital','Investment & Asset Management','San Antonio','TX','201-500')
INSERT INTO [PerfectAnalyst.Company] VALUES ('C0102','Domtar','Machinery Manufacturing','Fort Mill','SC','10000+')
INSERT INTO [PerfectAnalyst.Company] VALUES ('C0103','Bluestem Brands','Accounting & Tax','Eden Prairie','MN','1,001-5,000')
INSERT INTO [PerfectAnalyst.Company] VALUES ('C0104','American Family Insurance','Insurance Carriers','Madison','WI','5001-10000')
INSERT INTO [PerfectAnalyst.Company] VALUES ('C0105','FCCI Services Inc.','Insurance Carriers','Sarasota','FL','501-1000')
INSERT INTO [PerfectAnalyst.Company] VALUES ('C0106','GS Consulting','IT Services and IT Consulting','Towson','MD','44602')
INSERT INTO [PerfectAnalyst.Company] VALUES ('C0107','American Association of Neurological Surgeons','Membership Organizations','Rolling Meadows','IL','1-50')
INSERT INTO [PerfectAnalyst.Company] VALUES ('C0108','Public Storage','Real Estate','Glendale','CA','5001-10000')
INSERT INTO [PerfectAnalyst.Company] VALUES ('C0109','Guidehouse','Business Consulting','Washington','DC','1001-5000')
INSERT INTO [PerfectAnalyst.Company] VALUES ('C0110','The Josef Group Inc.','IT services and Govt','Guilderland,','NY','44602')
INSERT INTO [PerfectAnalyst.Company] VALUES ('C0111','GloComms','HR Consulting','London','UK','51-200')
INSERT INTO [PerfectAnalyst.Company] VALUES ('C0112','Harnham','HR Consulting','London,','UK','51-200')
INSERT INTO [PerfectAnalyst.Company] VALUES ('C0113','Meduit','Health Care Services & Hospitals','Charlotte','NC','501-1000')
INSERT INTO [PerfectAnalyst.Company] VALUES ('C0114','BUZZCLAN LLC','Information Technology Support Services','Dallas','TX','201-500')
INSERT INTO [PerfectAnalyst.Company] VALUES ('C0115','DANE, LLC','Technology Services','Chantilly','VA','1-50')
INSERT INTO [PerfectAnalyst.Company] VALUES ('C0116','Master Electronics','Electronics Manufacturing','Phoenix','AZ','501-1000')
INSERT INTO [PerfectAnalyst.Company] VALUES ('C0117','Cloud Primero','IT & Business Consulting','NYC','NY','51-200')
INSERT INTO [PerfectAnalyst.Company] VALUES ('C0118','Caterpillar','Machinery Manufacturing','Irving','TX','10000+')
INSERT INTO [PerfectAnalyst.Company] VALUES ('C0119','DataSeers Incorporated','Financial Transaction Processing','Alpharetta','GA','1-50')
INSERT INTO [PerfectAnalyst.Company] VALUES ('C0120','Pomeroy Technologies, LLC.','IT infrastructure management services','Greenville','SC','51-200')
INSERT INTO [PerfectAnalyst.Company] VALUES ('C0121','Hendall Inc','Information Technology Support Services','Rockville','MD','51-200')
INSERT INTO [PerfectAnalyst.Company] VALUES ('C0122','VG Systems','Software & Tech Services','Dumfries,','VA','1-50')
INSERT INTO [PerfectAnalyst.Company] VALUES ('C0123','AECOM','Architectural & Engineering Services','Los Angeles','CA','10000+')
INSERT INTO [PerfectAnalyst.Company] VALUES ('C0124','Abbott Laboratories','Health Care Services & Hospitals','Abbott Park','IL','10000+')
INSERT INTO [PerfectAnalyst.Company] VALUES ('C0125','Paramount Networks International','media and entertainment','New york','NY','10000+ ')
INSERT INTO [PerfectAnalyst.Company] VALUES ('C0126','The Hartford','Insurance Carriers','Hartford','CT','10000+')
INSERT INTO [PerfectAnalyst.Company] VALUES ('C0127','Microsoft','Computer Hardware Development','Redmond','VA','10000+')
INSERT INTO [PerfectAnalyst.Company] VALUES ('C0128','PayPal','Internet & Web Services','San Jose','CA','10000+')
INSERT INTO [PerfectAnalyst.Company] VALUES ('C0129','JPMorgan Chase Bank, N.A.','Investment & Asset Management','New York','NY','10000+')
INSERT INTO [PerfectAnalyst.Company] VALUES ('C0130','Spectrum','Telecommunications Services','Stamford','CA','10000+')
INSERT INTO [PerfectAnalyst.Company] VALUES ('C0131','Bosch Group','Consumer Product Manufacturing','Farmington Hills','MI','10000+')
INSERT INTO [PerfectAnalyst.Company] VALUES ('C0132','Universal Orlando','Hotels & Resorts','Orlando','FL','10000+')
INSERT INTO [PerfectAnalyst.Company] VALUES ('C0133','VNS Health','Health Care Services & Hospitals','New York','NY','10000+')
INSERT INTO [PerfectAnalyst.Company] VALUES ('C0134','United Nations','National Agencies','New York','NY','10000+')
INSERT INTO [PerfectAnalyst.Company] VALUES ('C0135','Nemours','Health Care Services & Hospitals','Jacksonville','FL','1001-5000')
INSERT INTO [PerfectAnalyst.Company] VALUES ('C0136','Noblis','Business Consulting','Reston','VA','1001-5000')
INSERT INTO [PerfectAnalyst.Company] VALUES ('C0137','UBS','Investment & Asset Management','NYC','NY','10000+')
INSERT INTO [PerfectAnalyst.Company] VALUES ('C0138','ACE Hardware','Home Furniture & Housewares Stores','Oak Brook','IL','5001-10000')
INSERT INTO [PerfectAnalyst.Company] VALUES ('C0139','Safety National','Insurance Carriers','Saint Louis','MO','201-500')
INSERT INTO [PerfectAnalyst.Company] VALUES ('C0140','Pacific Northwest National Laboratory','Energy & Utilities','Richland','WA','5001-10000')
INSERT INTO [PerfectAnalyst.Company] VALUES ('C0141','Alveo Technologies','Health CareMedical','Alameda','CA','1-50')
INSERT INTO [PerfectAnalyst.Company] VALUES ('C0142','OB Hospitalist Group','Health Care Services & Hospitals','Greenville','SC','1001-5000')
INSERT INTO [PerfectAnalyst.Company] VALUES ('C0143','R.J.O Brien','Investment & Asset Management','Chicago','IL','501-1000')
INSERT INTO [PerfectAnalyst.Company] VALUES ('C0144','RELI Group, Inc.','National Agencies','Catonsville','MD','51-200')
INSERT INTO [PerfectAnalyst.Company] VALUES ('C0145','Comtech','Electronics Manufacturing','Melville','NY','1001-5000')
INSERT INTO [PerfectAnalyst.Company] VALUES ('C0146','DHL | Supply Chain','Shipping & Trucking','Westerville','OH','10000+')
INSERT INTO [PerfectAnalyst.Company] VALUES ('C0147','InfiniSource Consulting Solutions','National Agencies','Durham','NC','51-200')
INSERT INTO [PerfectAnalyst.Company] VALUES ('C0148','IBM','Information Technology Support Services','Armonk','NY','10000+')
INSERT INTO [PerfectAnalyst.Company] VALUES ('C0149','FEI Systems','Enterprise Software & Network Solutions','Columbia','MD','501-1000')
INSERT INTO [PerfectAnalyst.Company] VALUES ('C0150','Oxley Enterprises®, Inc.','IT Services and IT Consulting','Fredericksburg','VA','11-50')
INSERT INTO [PerfectAnalyst.Company] VALUES ('C0151','Mercy','Health Care Services & Hospitals','Chesterfield','MO','10000+')
INSERT INTO [PerfectAnalyst.Company] VALUES ('C0152','Ascension','Healthcare organization','Saint Louis','MO','10000+')
INSERT INTO [PerfectAnalyst.Company] VALUES ('C0153','Medica Services Company LLC','Health Care Services & Hospitals','Bedford','OH','201-500')
INSERT INTO [PerfectAnalyst.Company] VALUES ('C0154','Primrose School Franchising Company','Preschools & Child Care Services','Atlanta','GA','10000+')
INSERT INTO [PerfectAnalyst.Company] VALUES ('C0155','Takeda Pharmaceutical','Biotech & Pharmaceuticals','Lexington','MA','10000+')
INSERT INTO [PerfectAnalyst.Company] VALUES ('C0156','Ollies Bargain Outlet, Inc','General Merchandise & Superstores','Harrisburg','PA','501-1000')
INSERT INTO [PerfectAnalyst.Company] VALUES ('C0157','Super Bright LEDs','Other Retail Stores','Earth City','MO','51-200')
INSERT INTO [PerfectAnalyst.Company] VALUES ('C0158','NGL Energy Partners LP','Energy & Utilities','Tulsa','OK','1001-5000')
INSERT INTO [PerfectAnalyst.Company] VALUES ('C0159','SEQUENTIAL TECHNOLOGY INTERNATIONAL LLC','Telecommunications Services','Warren','NJ','1001-5000')
INSERT INTO [PerfectAnalyst.Company] VALUES ('C0160','Meridian Soft Info Systems','IT Services and IT Consulting','Lewis Center','OH','51-200')
INSERT INTO [PerfectAnalyst.Company] VALUES ('C0161','Jada Systems, Inc.','Information Technology Support Services','Pasadena','CA','1-50')
INSERT INTO [PerfectAnalyst.Company] VALUES ('C0162','TekisHub Consulting Services','Information Technology Support Services','Wilmington','DE','1001-5000')
INSERT INTO [PerfectAnalyst.Company] VALUES ('C0163','HUSCO International, Inc.','Electronics Manufacturing','Waukesha','WI','1001-5000')
INSERT INTO [PerfectAnalyst.Company] VALUES ('C0164','Heritage Operations Group, LLC','Health Care Services & Hospitals','Bloomington','IL','1001-5000')
INSERT INTO [PerfectAnalyst.Company] VALUES ('C0165','Fiserv','Financial Transaction Processing','Brookfield','WI','10000+')
INSERT INTO [PerfectAnalyst.Company] VALUES ('C0166','Input 1','Financial Transaction Processing','Woodland Hills','CA','51-200')
INSERT INTO [PerfectAnalyst.Company] VALUES ('C0167','Orangetheory','Sports & Recreation','Boca Raton','FL','201-500')
INSERT INTO [PerfectAnalyst.Company] VALUES ('C0168','iMedia Brands, Inc','Broadcast Media','Eden Prairie','MN','501-1000')
INSERT INTO [PerfectAnalyst.Company] VALUES ('C0169','NationsCX','Marketing agency ','Beverly Hills','CA','11-50')
INSERT INTO [PerfectAnalyst.Company] VALUES ('C0170','Talntly','HR Consulting','Nashville','TN','1-50')
INSERT INTO [PerfectAnalyst.Company] VALUES ('C0171','TEKsystems','Consulting','Hanover','MD','1001-5000')
INSERT INTO [PerfectAnalyst.Company] VALUES ('C0172','Better Business Bureau Serving the Heart of Texas','Membership Organizations','Arlington','VA','1001-5000')
INSERT INTO [PerfectAnalyst.Company] VALUES ('C0173','DTI','Consulting','Atlanta','GA','1001-5000')
INSERT INTO [PerfectAnalyst.Company] VALUES ('C0174','Worldwide Clinical Trials','Biotech & Pharmaceuticals','RTP','NC','1001-5000')
INSERT INTO [PerfectAnalyst.Company] VALUES ('C0175','Canandaigua National Bank & Trust Co','Banking & Lending','Canandaigua','NY','501-1000')
INSERT INTO [PerfectAnalyst.Company] VALUES ('C0176','The Baton Rouge Clinic, AMC','Health Care Services & Hospitals','Baton Rouge','LA','501-1000')
INSERT INTO [PerfectAnalyst.Company] VALUES ('C0177','Security Benefit Corp.','Investment & Asset Management','Topeka','KS','1001-5000')
INSERT INTO [PerfectAnalyst.Company] VALUES ('C0178','RHO Inc','Biotech & Pharmaceuticals','Chapel Hill','NC','201-500')
INSERT INTO [PerfectAnalyst.Company] VALUES ('C0179','Braintrust','Business Consulting','San Francisco','CA','11-50')
INSERT INTO [PerfectAnalyst.Company] VALUES ('C0180','iConnect','Computer Hardware Development','Ann Arbor','MI','1-50')
INSERT INTO [PerfectAnalyst.Company] VALUES ('C0181','Software Solution LA Limited Liability Company','IT Services and IT Consulting','Peoria','AZ','11-50')
INSERT INTO [PerfectAnalyst.Company] VALUES ('C0182','Toledo Clinic','Hospitals & Health Clinics','Toledo','OH','1001-5000')
INSERT INTO [PerfectAnalyst.Company] VALUES ('C0183','Krapf Group','Taxi & Car Services','West Chester','PA','1001-5000')
INSERT INTO [PerfectAnalyst.Company] VALUES ('C0184','Park Computer Systems','Information Technology Support Services','Newark','CA','201-500')
INSERT INTO [PerfectAnalyst.Company] VALUES ('C0185','Emonics LLC','Consulting','Piscataway','NJ','1001-5000')
INSERT INTO [PerfectAnalyst.Company] VALUES ('C0186','D.H. Pace Company, Inc.','Construction','Olathe','KS','1001-5000')
INSERT INTO [PerfectAnalyst.Company] VALUES ('C0187','HCA Healthcare','Health Care Services & Hospitals','Nashville','TN','10000+')
INSERT INTO [PerfectAnalyst.Company] VALUES ('C0188','OrangePeople','Information Technology Support Services','Irvine','CA','51-200')
INSERT INTO [PerfectAnalyst.Company] VALUES ('C0189','American Unit','Enterprise Software & Network Solutions','Plano','TX','201-500')
INSERT INTO [PerfectAnalyst.Company] VALUES ('C0190','Cloud and Things Inc','IT Services and IT Consulting','Troy','NY','51-200')
INSERT INTO [PerfectAnalyst.Company] VALUES ('C0191','Booz Allen Hamilton','Business Consulting','McLean','VA','10000+')
INSERT INTO [PerfectAnalyst.Company] VALUES ('C0192','Computer Enterprises, Inc. (CEI)','Information Technology Support Services','Pittsburgh','PA','501-1000')
INSERT INTO [PerfectAnalyst.Company] VALUES ('C0193','Liberty Mutual Insurance','Insurance Carriers','Boston','MA','10000+')
INSERT INTO [PerfectAnalyst.Company] VALUES ('C0194','Kforce','Business Consulting','Tampa','FL','10000+')
INSERT INTO [PerfectAnalyst.Company] VALUES ('C0195','Home Depot / THD','Home Furniture & Housewares Stores','Atlanta','GA','10000+')
INSERT INTO [PerfectAnalyst.Company] VALUES ('C0196','Mayo Clinic','Health Care Services & Hospitals','Rochester','MN','10000+')
INSERT INTO [PerfectAnalyst.Company] VALUES ('C0197','ROM Technologies, Inc.','Health Care Products Manufacturing','Brookfield','CT','201-500')
INSERT INTO [PerfectAnalyst.Company] VALUES ('C0198','OU Health','Health Care Services & Hospitals','Oklahoma City','OK','10000+')
INSERT INTO [PerfectAnalyst.Company] VALUES ('C0199','LeewayHertz','Computer Hardware Development','Lake Forest','IL','51-200')
INSERT INTO [PerfectAnalyst.Company] VALUES ('C0200','Synovus','Banking & Lending','Columbus','GA','5001-10000')
INSERT INTO [PerfectAnalyst.Company] VALUES ('C0201','Del Oro Consulting','Business Consulting','Campbell','CA','501-1000')
INSERT INTO [PerfectAnalyst.Company] VALUES ('C0202','Altera Digital Health','Software Development','Chicago','IL','5001-10000')
INSERT INTO [PerfectAnalyst.Company] VALUES ('C0203','Disney Media & Entertainment Distribution','Film Production','Burbank','CA','10000+')
INSERT INTO [PerfectAnalyst.Company] VALUES ('C0204','Cardinal Health','Wholesale','Dublin','OH','10000+')
INSERT INTO [PerfectAnalyst.Company] VALUES ('C0205','Webyops Inc','IT Services and IT Consulting','Lewisville','TX','11-50')
INSERT INTO [PerfectAnalyst.Company] VALUES ('C0206','Agility Consultants, LLC','IT Services and IT Consulting','Washington, DC','','11-50')
INSERT INTO [PerfectAnalyst.Company] VALUES ('C0207','Frost Bank','Banking & Lending','San Antonio','TX','1001-5000')
INSERT INTO [PerfectAnalyst.Company] VALUES ('C0208','USAA','Insurance Carriers','San Antonio','TX','10000+')
INSERT INTO [PerfectAnalyst.Company] VALUES ('C0209','Atlantictranstrading','Appliances, Electrical, and Electronics Manufacturing','Houston','TX','1-50')

----JOB 
INSERT INTO [PerfectAnalyst.Job] VALUES ('JB001','Data Engineer','At least 1 years of experience in big data technologies.','175000','Full Time','Remote','C0001')

INSERT INTO [PerfectAnalyst.Job] VALUES ('JB002','Data Engineer','Strong attention to detail with the ability to interpret raw data and assess large data sets for data integrity to effectively identify and treat outliers and…','155000','Full Time','Remote','C0002')

INSERT INTO [PerfectAnalyst.Job] VALUES ('JB003','Data Engineer','Design and build modern data pipelines, data streams, and data service Application Programming Interfaces (APIs).','165000','Full Time','San Jose','C0003')

INSERT INTO [PerfectAnalyst.Job] VALUES ('JB004','Data Engineer','In this role, you will focus on building data pipelines and infrastructure that power data science systems, tools, software and applications for the BI team.','50000','Full Time','Farmington','C0004')

INSERT INTO [PerfectAnalyst.Job] VALUES ('JB005','Data Engineer','Azure cloud: 6 years (Preferred).','125000','Full Time','Remote','C0005')

INSERT INTO [PerfectAnalyst.Job] VALUES ('JB006','Data Engineer','Experience using statistical computer languages (Python, SQL) to manipulate data and draw insights from large data sets.','90000','Full Time','South Bend','C0006')

INSERT INTO [PerfectAnalyst.Job] VALUES ('JB007','Data Engineer','These Engineers are in high demand, so we are looking to train the right people while giving them experience using data knowledge to identify, retrieve, prepare…','57000','Full Time','Newport','C0007')

INSERT INTO [PerfectAnalyst.Job] VALUES ('JB008','Data Engineer','Assist data analytics team by performing data collection, data analysis, and reporting.','105000','Full Time','Remote','C0008')

INSERT INTO [PerfectAnalyst.Job] VALUES ('JB009','Data Engineer','Understanding of data warehousing technologies and event-driven architectures.','150000','Full Time','Chicago','C0009')

INSERT INTO [PerfectAnalyst.Job] VALUES ('JB010','Data Engineer','Understanding necessity and methods of data obfuscation or data de-identification of PII.','112500','Full Time','Remote','C0010')

INSERT INTO [PerfectAnalyst.Job] VALUES ('JB011','Data Engineer','Develop data pipelines responsible for ingesting large amounts of data from various sources.','120000','Full Time','Remote','C0011')

INSERT INTO [PerfectAnalyst.Job] VALUES ('JB012','Data Engineer','Provide ongoing support for applications, processes running on AWS that run analytics and data science activities.','90000','Full Time','Tualatin','C0012')

INSERT INTO [PerfectAnalyst.Job] VALUES ('JB013','Data Engineer','Providing technical expertise in data storage structures, data mining, and data cleansing.','120000','Full Time','Skokie','C0013')

INSERT INTO [PerfectAnalyst.Job] VALUES ('JB014','Data Engineer','Work effectively with fellow data engineers, product owners, data champions, and other technical experts.','134400','Full Time','Remote','C0014')

INSERT INTO [PerfectAnalyst.Job] VALUES ('JB015','Data Engineer','Big data: 10 years (Preferred).','70800','Full Time','Jersey City','C0015')

INSERT INTO [PerfectAnalyst.Job] VALUES ('JB016','Data Engineer','Strive for clean and meaningful data within our consolidated data analytics platform.','81192','Full Time','Remote','C0016')

INSERT INTO [PerfectAnalyst.Job] VALUES ('JB017','Data Engineer','Experienced in designing, implementing, and maintaining data capture and data processing solutions.','140000','Full Time','Remote','C0017')

INSERT INTO [PerfectAnalyst.Job] VALUES ('JB018','Data Engineer','Perform complex data operations on large volumes of data at scale.','15600','Full Time','Denver','C0018')

INSERT INTO [PerfectAnalyst.Job] VALUES ('JB019','Data Engineer','You will be responsible for developing data and machine learning pipelines that handle data across domains including marketing, supply chain, forecasting,…','50000','Full Time','McLean','C0019')

INSERT INTO [PerfectAnalyst.Job] VALUES ('JB020','Data Engineer','And methodology, and data visualization (PowerBI, Tableau, etc.).','114283','Full Time','Little Rock','C0020')

INSERT INTO [PerfectAnalyst.Job] VALUES ('JB021','Data Engineer','•Create data tools for analytics and data scientists to optimize data.','150000','Full Time','Plano','C0021')

INSERT INTO [PerfectAnalyst.Job] VALUES ('JB022','Data Engineer','Create test data, perform manual queries, condition test data, and create notional unclassified data for testing ETL workflows and coding.','147500','Full Time','Colorado Springs','C0022')

INSERT INTO [PerfectAnalyst.Job] VALUES ('JB023','Data Engineer','At TELUS Agriculture, we empower our engineers to form their own opinions and advocate for the solutions that fit best.','50000','Full Time','Remote','C0023')

INSERT INTO [PerfectAnalyst.Job] VALUES ('JB024','Data Engineer','Team Augmentation / Staffing: You will integrate yourself directly into our clients team and work alongside their existing designers and engineers on a daily…','90000','Full Time','Remote','C0024')

INSERT INTO [PerfectAnalyst.Job] VALUES ('JB025','Data Engineer','Experience with Data lakes and S3 centric data processing designs.','150000','Full Time','Richmond','C0025')

INSERT INTO [PerfectAnalyst.Job] VALUES ('JB026','Data Engineer','Manage data integrity and accuracy of the data warehouse data and analytic environments.','150000','Full Time','Remote','C0026')

INSERT INTO [PerfectAnalyst.Job] VALUES ('JB027','Data Engineer','Direct the integration and maintenance of external data repositories to be incorporated into Primrose data infrastructure.','90000','Full Time','Atlanta','C0154')

INSERT INTO [PerfectAnalyst.Job] VALUES ('JB028','Data Engineer','Design, build, and test solutions for data transformation from a variety of data sources while modeling data in an efficient and performant manner.','50000','Full Time','Omaha','C0027')

INSERT INTO [PerfectAnalyst.Job] VALUES ('JB029','Data Engineer','Leverages existing data infrastructure to fulfill all data-related requests, perform necessary data housekeeping, data cleansing, normalization, hashing','120000','Full Time','Remote','C0028')

INSERT INTO [PerfectAnalyst.Job] VALUES ('JB030','Data Engineer','Data analysis, data enrichment and data science as well as making data operationally available for.','115000','Full Time','Remote','C0029')

INSERT INTO [PerfectAnalyst.Job] VALUES ('JB031','Data Engineer','Document data processes, write data management recommended procedures, and create training materials relating to data management best practices.','90000','Full Time','Remote','C0030')

INSERT INTO [PerfectAnalyst.Job] VALUES ('JB032','Data Engineer','Proven experience developing models for data warehouse, data lake, and enterprise big data platforms in multi-data-center contexts required.','139200','Full Time','Remote','C0031')

INSERT INTO [PerfectAnalyst.Job] VALUES ('JB033','Data Engineer','Work with other data engineers and analysts to build new and extend existing data structures.','107880','Full Time','San Francisco','C0032')

INSERT INTO [PerfectAnalyst.Job] VALUES ('JB034','Data Engineer','Will be 100% Remote but must travel 1x per Quarter to attend meetings in Irvine, CA offices.','95000','Full Time','Remote','C0033')

INSERT INTO [PerfectAnalyst.Job] VALUES ('JB035','Data Engineer','Provide Subject Matter Expertise in data workflow, data structures, system interoperability, and data interchange.','150000','Full Time','Remote','C0034')

INSERT INTO [PerfectAnalyst.Job] VALUES ('JB036','Data Engineer','In this role, you will analyze data and further develop packages that standardize data cleaning and vetting, issue logging, and data querying.','107500','Full Time','New York','C0035')

INSERT INTO [PerfectAnalyst.Job] VALUES ('JB037','Data Engineer','Load data into a cloud data warehouse as projects dictate.','150000','Full Time','Remote','C0036')

INSERT INTO [PerfectAnalyst.Job] VALUES ('JB038','Data Engineer','3 years of industry experience as data engineer and/or devops engineer.','168000','Full Time','San Jose','C0037')

INSERT INTO [PerfectAnalyst.Job] VALUES ('JB039','Data Engineer','Direct deployment of enterprise data strategy vision through successful program delivery.','164500','Full Time','Remote','C0038')

INSERT INTO [PerfectAnalyst.Job] VALUES ('JB040','Data Engineer','You will be responsible for delivering custom software tools to interface with measurement hardware in the lab, store data, develop custom data processing and…','190000','Full Time','Mountain View','C0039')

INSERT INTO [PerfectAnalyst.Job] VALUES ('JB041','Data Engineer','The Data Engineer I provides a variety of operational, technical and collaborative functions within the data Management function of Information Solutions.','150000','Full Time','Charleston','C0040')

INSERT INTO [PerfectAnalyst.Job] VALUES ('JB042','Data Engineer','This role requires deep understanding of data engineering, data analysis, reporting, and a basic understanding of data science techniques and workflows.','120000','Full Time','Remote','C0041')

INSERT INTO [PerfectAnalyst.Job] VALUES ('JB043','Data Engineer','Search and understand metadata about various data sources and metrics.','168000','Full Time','Brooklyn Park','C0042')

INSERT INTO [PerfectAnalyst.Job] VALUES ('JB044','Data Engineer','By using ETL (Extract, Transform, Load), data strategy, scheduling, and other data management methods, they will serve as a key member of a team that engineers…','90000','Full Time','Renton','C0043')

INSERT INTO [PerfectAnalyst.Job] VALUES ('JB045','Data Engineer','Work Experience: * Six years of experience in delivery of data engineering solutions on large, heterogeneous datasets, to include data modeling, database/data…','102044','Full Time','Remote','C0044')

INSERT INTO [PerfectAnalyst.Job] VALUES ('JB046','Data Engineer','The ability to write complex SQL statements to query heterogeneous big data sets to process, filter, and present large quantities of data.','150000','Full Time','Remote','C0045')

INSERT INTO [PerfectAnalyst.Job] VALUES ('JB047','Data Engineer','To ensure success as a machine learning engineer, you should demonstrate solid data science knowledge and experience in a related ML role.','105000','Full Time','Ithaca','C0046')

INSERT INTO [PerfectAnalyst.Job] VALUES ('JB048','Data Engineer','Collaborate with other members of the data team such as data analysts, data scientists, and analytics engineers to ensure the consistent and correct flow of…','150000','Full Time','Remote','C0047')

INSERT INTO [PerfectAnalyst.Job] VALUES ('JB049','Data Engineer','Experience building and owning large-scale, geographically distributed compute, and data processing systems.','90000','Full Time','Remote','C0048')

INSERT INTO [PerfectAnalyst.Job] VALUES ('JB050','Data Engineer','Experience with data governance policies, including the implementation of data security strategies.','100000','Full Time','Remote','C0049')

INSERT INTO [PerfectAnalyst.Job] VALUES ('JB051','Data Engineer','Strong understanding of algorithms, data structures, data architecture, and technical designs.','169000','Full Time','Beaverton','C0050')

INSERT INTO [PerfectAnalyst.Job] VALUES ('JB052','Data Analyst','Working knowledge of statistical analysis or data analysis.','90000','Full Time','Brockton','C0051')

INSERT INTO [PerfectAnalyst.Job] VALUES ('JB053','Data Analyst','Ability to analyze data results, determine the source of aberrant statistics, and resolve data issues.','60000','Full Time','Remote','C0052')

INSERT INTO [PerfectAnalyst.Job] VALUES ('JB054','Data Analyst','Two+ years relevant experience in business or health data management, data analytics, or data stewardship.','150000','Full Time','Providence','C0053')

INSERT INTO [PerfectAnalyst.Job] VALUES ('JB055','Data Analyst','1+ years of experience working in and presenting data.','52500','Full Time','Remote','C0054')

INSERT INTO [PerfectAnalyst.Job] VALUES ('JB056','Data Analyst','Bachelor’s degree in Informatics, Computer Science, Data Analytics, or related field with coursework in quantitative analysis, and/or 3-5 years of analysis and…','70992','Full Time','Salem','C0055')

INSERT INTO [PerfectAnalyst.Job] VALUES ('JB057','Data Analyst','Offers insights into the business to improve revenue or expenses, such as analyzing marketing data, sales data, call center data, finance data, inventory data…','105000','Full Time','Largo','C0056')

INSERT INTO [PerfectAnalyst.Job] VALUES ('JB058','Data Analyst','Demonstrated experience with data management, including creating, merging and cleaning data from large datasets using software such as SQL, and executing data…','67500','Full Time','Phoenix','C0057')

INSERT INTO [PerfectAnalyst.Job] VALUES ('JB059','Data Analyst','In addition, the data analyst role is responsible for collecting industry trends and data to assist our product management and R&D teams in improving both…','105000','Full Time','Remote','C0058')

INSERT INTO [PerfectAnalyst.Job] VALUES ('JB060','Data Analyst','Perform data quality audits to maintain and assure data integrity.','95000','Full Time','Remote','C0059')

INSERT INTO [PerfectAnalyst.Job] VALUES ('JB061','Data Analyst','Assist in the mapping of historical data into a new data structure.','120000','Full Time','Parsippany','C0060')

INSERT INTO [PerfectAnalyst.Job] VALUES ('JB062','Data Analyst','Enhance existing data lake with third-party hosted data.','150000','Full Time','Remote','C0061')

INSERT INTO [PerfectAnalyst.Job] VALUES ('JB063','Data Analyst','Fulfill ad-hoc reporting/data requests.','50000','Full Time','Basking Ridge','C0062')

INSERT INTO [PerfectAnalyst.Job] VALUES ('JB064','Data Analyst','Liaising with our internal data collection & data processing teams, as well as outside suppliers, as needed.','90000','Full Time','Remote','C0063')

INSERT INTO [PerfectAnalyst.Job] VALUES ('JB065','Data Analyst','Minimum of 4+ years experience as data analyst focused on reporting and continuous improvement.','50000','Full Time','Remote','C0064')

INSERT INTO [PerfectAnalyst.Job] VALUES ('JB066','Data Analyst','Build data solutions, tools, and capabilities to enable self-service frameworks for data consumers to monitor and report on data.','50000','Full Time','Fort Bragg','C0065')

INSERT INTO [PerfectAnalyst.Job] VALUES ('JB067','Data Analyst','Develop data reports/data visualizations to summarize progress.','50000','Full Time','Remote','C0066')

INSERT INTO [PerfectAnalyst.Job] VALUES ('JB068','Data Analyst','Keep track of known client data issues, including missing or inconsistent data.','92500','Full Time','Remote','C0067')

INSERT INTO [PerfectAnalyst.Job] VALUES ('JB069','Data Analyst','Dig into complex data flows, troubleshooting data integrations between systems.','35000','Full Time','Remote','C0068')

INSERT INTO [PerfectAnalyst.Job] VALUES ('JB070','Data Analyst','Build and analyze call campaigns or cadencing that is data based on most effectiveness.','120000','Full Time','Louisville','C0069')

INSERT INTO [PerfectAnalyst.Job] VALUES ('JB071','Data Analyst','Understand primary types of healthcare data and methods for approaching data assessments.','70000','Full Time','Cary','C0070')

INSERT INTO [PerfectAnalyst.Job] VALUES ('JB072','Data Analyst','Monitor and analyze data to maintain stability and consistency of maintaining data analytics tasks daily.','72000','Full Time','Plano','C0071')

INSERT INTO [PerfectAnalyst.Job] VALUES ('JB073','Data Analyst','Data anallyst: 6 years (Required).','120000','Full Time','Remote','C0072')

INSERT INTO [PerfectAnalyst.Job] VALUES ('JB074','Data Analyst','Duties will include using software to create dashboards to showcase information, perform data analysis and data modeling, and reporting on various data types.','90000','Full Time','Remote','C0073')

INSERT INTO [PerfectAnalyst.Job] VALUES ('JB075','Data Analyst','*5+ years in Financial Services *industry with experience with database structures, data warehousing and data controls.','125000','Full Time','Charlotte','C0074')

INSERT INTO [PerfectAnalyst.Job] VALUES ('JB076','Data Analyst','Import data from external entities including but not limited to eligibility lists, gap measures, and claims data.','60000','Full Time','Tempe','C0075')

INSERT INTO [PerfectAnalyst.Job] VALUES ('JB077','Data Analyst','The Data Analyst undertakes analysis and matching of multiple data sources to our CRM and master data systems.','67500','Full Time','Boston','C0076')

INSERT INTO [PerfectAnalyst.Job] VALUES ('JB078','Data Analyst','Minimum of 2 years of experience as a data analyst or experience working closely with healthcare data.','60000','Full Time','Columbus','C0077')

INSERT INTO [PerfectAnalyst.Job] VALUES ('JB079','Data Analyst','Organize existing data in a spreadsheet.','153000','Full Time','Newport','C0078')

INSERT INTO [PerfectAnalyst.Job] VALUES ('JB080','Data Analyst','Technical expertise identifying corrupt, duplicate data and other problems relating to master data and data feed processes Provide customer / technical support…','50880','Full Time','Indianapolis','C0079')

INSERT INTO [PerfectAnalyst.Job] VALUES ('JB081','Data Analyst','The Data Analyst will be responsible for driving the integrity and completion for our crucial workflow data','70000','Full Time','Bothell','C0080')

INSERT INTO [PerfectAnalyst.Job] VALUES ('JB082','Data Analyst','Analyst plays a crucial role in collecting, structuring, analyzing, and reporting on Operations processes and data','70000','Full Time','Grandville','C0081')

INSERT INTO [PerfectAnalyst.Job] VALUES ('JB083','Data Analyst','You will work with experienced analysts, traders, and engineers to understand/develop/improve our market making system','70000','Full Time','Chicago','C0082')

INSERT INTO [PerfectAnalyst.Job] VALUES ('JB084','Data Analyst','You will conduct in-depth analyses of our data, report on key metrics, and provide recommendations that will have a direct impact in shaping future product development and Rating initiatives','50000','Full Time','Los Angeles','C0083')

INSERT INTO [PerfectAnalyst.Job] VALUES ('JB085','Data Analyst','Provides plan with data, reporting and analyses that enable data driven decision making.','65000','Full Time','Chicago','C0032')

INSERT INTO [PerfectAnalyst.Job] VALUES ('JB086','Data Analyst','At least 3-6 years experience in data management required.','81852','Full Time','Remote','C0084')

INSERT INTO [PerfectAnalyst.Job] VALUES ('JB087','Data Analyst','Performing financial analysis to compile data and drive profitability.','70000','Full Time','Jacksonville','C0085')

INSERT INTO [PerfectAnalyst.Job] VALUES ('JB088','Data Analyst','Garner key insights from data and communicate these findings to key stakeholders to help make data-driven decisions.','69700','Full Time','Englewood','C0018')

INSERT INTO [PerfectAnalyst.Job] VALUES ('JB089','Data Analyst','Helping to develop the systems and processes that are the foundation for reporting and analysis','77409','Full Time','Pearland','C0086')

INSERT INTO [PerfectAnalyst.Job] VALUES ('JB090','Data Analyst','This is a part-time syndicated loan data entry analyst opportunity supporting the Solvas|Digitize Managed service.','173000','Full Time','Jersey City','C0087')

INSERT INTO [PerfectAnalyst.Job] VALUES ('JB091','Data Analyst','The analyst proactively identifies trends based on contact center data sourced from the workforce management and order management systems, adding insight to…','90000','Full Time','Remote','C0088')

INSERT INTO [PerfectAnalyst.Job] VALUES ('JB092','Data Analyst','The analyst will be working with large sets of structured and unstructured data to perform analysis, develop tools, and provide actionable insights.','163150','Full Time','Estero','C0089')

INSERT INTO [PerfectAnalyst.Job] VALUES ('JB093','Data Analyst','Validate, analyze, and provide reporting for internally and externally generated data.','74880','Full Time','Remote','C0090')

INSERT INTO [PerfectAnalyst.Job] VALUES ('JB094','Data Analyst','The analyst will be working with large sets of structured and unstructured data to perform analysis, develop tools, and provide actionable insights.','77500','Full Time','Estero','C0091')

INSERT INTO [PerfectAnalyst.Job] VALUES ('JB095','Data Analyst','Maintains and support databases, including inputting and correcting data, determining formats, researching data conversions, establishing data specifications,…','120000','Full Time','Lehi','C0092')

INSERT INTO [PerfectAnalyst.Job] VALUES ('JB096','Data Analyst','Strong verbal and written communication skills, with an affinity for adapting conversational content into data for analysis and an ability to proofread with…','76300','Full Time','Remote','C0093')

INSERT INTO [PerfectAnalyst.Job] VALUES ('JB097','Data Analyst','Ability to identify and resolve exceptions and to analyze data.','71900','Full Time','San Diego','C0094')

INSERT INTO [PerfectAnalyst.Job] VALUES ('JB098','Data Analyst','Analyzes website and media market data to recommend superior data-driven decisions.','154000','Full Time','Remote','C0095')

INSERT INTO [PerfectAnalyst.Job] VALUES ('JB099','Data Analyst','Incorporate appropriate benchmarking data into analysis.','150000','Full Time','Columbia','C0096')

INSERT INTO [PerfectAnalyst.Job] VALUES ('JB100','Data Analyst','Data cleaning in SQL, data mining, analyzing data and data wrangling.','161000','Full Time','Cary','C0097')

INSERT INTO [PerfectAnalyst.Job] VALUES ('JB101','Data Scientist','Maintain knowledge of emerging data science and data management trends.','112250','Full Time','Remote','C0098')

INSERT INTO [PerfectAnalyst.Job] VALUES ('JB102','Data Scientist','Experience with Spark Streaming (Databricks) or other data science focused data processing platforms used for real-time big data analytics.','130000','Full Time','Los Angeles','C0099')

INSERT INTO [PerfectAnalyst.Job] VALUES ('JB103','Data Scientist','Build/integrate business intelligence and analytics tools that utilise available data pipelines to provide actionable insights for the business, our customers…','107000','Full Time','Remote','C0100')

INSERT INTO [PerfectAnalyst.Job] VALUES ('JB104','Data Scientist','You have expertise in artificial intelligence through use of machine learning, data mining, and information retrieval to design, prototype and build next…','150000','Full Time','San Antonio','C0101')

INSERT INTO [PerfectAnalyst.Job] VALUES ('JB105','Data Scientist','3 years’ experience in a data analytics or similar data scientist role.','100000','Full Time','Remote','C0102')

INSERT INTO [PerfectAnalyst.Job] VALUES ('JB106','Data Scientist','Fingerhut fuses our extensive years of data modeling and real-time analytics through machine learning to provide flexible payment options for our valued…','90000','Full Time','Eden Prairie','C0103')

INSERT INTO [PerfectAnalyst.Job] VALUES ('JB107','Data Scientist','Demonstrated experience with data visualization and applying visual techniques to explore and uncover underlying patterns in data.','143800','Full Time','Remote','C0104')

INSERT INTO [PerfectAnalyst.Job] VALUES ('JB108','Data Scientist','Ability to develop and apply predictive models using multiple statistical and machine learning techniques.','120000','Full Time','Sarasota','C0105')

INSERT INTO [PerfectAnalyst.Job] VALUES ('JB109','Data Scientist','The Data Scientist will perform research on various data sources, to include unstructured data using quantitative and qualitative content analytics.','135000','Full Time','Fort George G Meade','C0106')

INSERT INTO [PerfectAnalyst.Job] VALUES ('JB110','Data Scientist','Collaborate with physicians, staff, vendors, and stakeholders to inform registry design including generating clinical insights, developing measures and…','50000','Full Time','Remote','C0107')

INSERT INTO [PerfectAnalyst.Job] VALUES ('JB111','Data Scientist','As part of the role is to lead and mentor data scientists and analysts, you love working with the team on any mix of issues that come to light such as in-depth…','120000','Full Time','Glendale','C0108')

INSERT INTO [PerfectAnalyst.Job] VALUES ('JB112','Data Scientist','This high performing team works with clients to implement the full spectrum of data analytics and data science, from data querying and data wrangling, to data…','90000','Full Time','Atlanta','C0109')

INSERT INTO [PerfectAnalyst.Job] VALUES ('JB113','Data Scientist','TS/SCI and Poly is Required.','70000','Full Time','Annapolis Junction','C0110')

INSERT INTO [PerfectAnalyst.Job] VALUES ('JB114','Data Scientist','Experienced in designing, implementing, and maintaining machine learning solutions through the entire model life cycle.','140000','Full Time','Remote','C0017')

INSERT INTO [PerfectAnalyst.Job] VALUES ('JB115','Data Scientist','Our team oversees thousands of data sources and the algorithms that convert these data into actionable insights for our trading strategies.','70000','Full Time','Chicago','C0082')

INSERT INTO [PerfectAnalyst.Job] VALUES ('JB116','Data Scientist','At least 5 years of experience creating data strategies for operational, analytical, and machine learning needs.','50000','Full Time','Remote','C0001')

INSERT INTO [PerfectAnalyst.Job] VALUES ('JB117','Data Scientist','A degree (Masters of Ph.D preferred) in statistics, applied analytics, engineering, or other quantitative field.','120000','Full Time','Remote','C0111')

INSERT INTO [PerfectAnalyst.Job] VALUES ('JB118','Data Scientist','Also open to a person with a deep interest in this area.','110000','Full Time','Boston','C0112')

INSERT INTO [PerfectAnalyst.Job] VALUES ('JB119','Data Scientist','Combine great data analytics skills with strong business acumen to provide key insights.','50000','Full Time','Remote','C0113')

INSERT INTO [PerfectAnalyst.Job] VALUES ('JB120','Data Scientist','Work with subject matter experts from airlines to identify opportunities for leveraging data to deliver insights and actionable prediction of customer behavior…','115000','Full Time','Remote','C0114')

INSERT INTO [PerfectAnalyst.Job] VALUES ('JB121','Data Scientist','Present information using data visualization techniques.','120000','Full Time','Remote','C0115')

INSERT INTO [PerfectAnalyst.Job] VALUES ('JB122','Data Scientist','Overview: The *Data Scientist *position involves analyzing complex business problems, uncovering insights, and identifying growth opportunities using data…','75000','Full Time','Phoenix','C0116')

INSERT INTO [PerfectAnalyst.Job] VALUES ('JB123','Data Scientist','3+ years of industry experience in data, analytics, data science role.','90000','Full Time','Remote','C0083')

INSERT INTO [PerfectAnalyst.Job] VALUES ('JB124','Data Scientist','· Master in analytics-data (not mandatory).','120000','Full Time','Remote','C0117')

INSERT INTO [PerfectAnalyst.Job] VALUES ('JB125','Data Scientist','As a Data Scientist, you are responsible for leveraging your quantitative analysis, data management, modeling, and/or data visualization skills as an individual…','70000','Full Time','Seguin','C0118')

INSERT INTO [PerfectAnalyst.Job] VALUES ('JB126','Data Scientist','Analyze and visualize data for trends and patterns and interpret data with a clear objective in mind.','120000','Full Time','Alpharetta','C0119')

INSERT INTO [PerfectAnalyst.Job] VALUES ('JB127','Data Scientist','3-5 years of helping businesses succeed by using data science and advanced analytics.','115000','Full Time','Remote','C0120')

INSERT INTO [PerfectAnalyst.Job] VALUES ('JB128','Data Scientist','Hendall is currently seeking a Data Scientist/Senior Data Scientist, with experience in applying Natural Language Processing (NLP)/Machine Learning (ML)…','70000','Full Time','Rockville','C0121')

INSERT INTO [PerfectAnalyst.Job] VALUES ('JB129','Data Scientist','Matchpointe Group, Inc is looking for a Data Scientist to develop an IOT analytics platform enabling engineers and operations personnel to collaborate with…','155000','Full Time','Remote','C0002')

INSERT INTO [PerfectAnalyst.Job] VALUES ('JB130','Data Scientist','Research, design, implement, and deploy full-stack scalable data analytics vision and machine learning solutions.','70000','Full Time','Tacoma','C0122')

INSERT INTO [PerfectAnalyst.Job] VALUES ('JB131','Data Scientist','MINIMUM REQUIREMENTS:BA/BS + 2 years of relevant experience or demonstrated equivalency of experience and/or education PREFERRED QUALIFICATIONS:Familiarity with…','150000','Full Time','Remote','C0123')

INSERT INTO [PerfectAnalyst.Job] VALUES ('JB132','Data Scientist','Assist in creating predictive analytics that help drive business decisions.','150000','Full Time','Lake Forest','C0124')

INSERT INTO [PerfectAnalyst.Job] VALUES ('JB133','Data Scientist','Experience of working on a project end-to-end: problem scoping, data gathering, EDA, modelling, insights and visualizations.','155000','Full Time','New York','C0125')

INSERT INTO [PerfectAnalyst.Job] VALUES ('JB134','Data Scientist','Strong communication skills and the ability to manage multiple, diverse stakeholders across business areas and leadership levels.','80000','Full Time','Remote','C0049')

INSERT INTO [PerfectAnalyst.Job] VALUES ('JB135','Data Scientist','The ideal candidate will also be familiar with common data visualization techniques and will have the ability to communicate key data-related findings to…','150000','Full Time','Remote','C0126')

INSERT INTO [PerfectAnalyst.Job] VALUES ('JB136','Data Scientist','Clean, analyze, data-mine and visualize a variety of Data Center delivery data to identify opportunities, insights, and anomalies.','175000','Full Time','Redmond','C0127')

INSERT INTO [PerfectAnalyst.Job] VALUES ('JB137','Data Scientist','A large part of the role is driving business strategy recommendations through data analytics on Card authorization and PayPal customer data.','180000','Full Time','San Jose','C0128')

INSERT INTO [PerfectAnalyst.Job] VALUES ('JB138','Data Scientist','These benefits include comprehensive health care coverage, on-site health and wellness centers, a retirement savings plan, backup childcare, tuition…','169750','Full Time','Jersey City','C0129')

INSERT INTO [PerfectAnalyst.Job] VALUES ('JB139','Data Scientist','Internship in a role as a data scientist.','90000','Full Time','Remote','C0130')

INSERT INTO [PerfectAnalyst.Job] VALUES ('JB140','Data Scientist','Strong fundamental understanding of machine learning models.','167500','Full Time','Plymouth','C0131')

INSERT INTO [PerfectAnalyst.Job] VALUES ('JB141','Data Scientist','EXPERIENCE: 5+ years of experience in the field or in a related area preferred.','150000','Full Time','Orlando','C0132')

INSERT INTO [PerfectAnalyst.Job] VALUES ('JB142','Data Scientist','Our data scientists serve as subject matter experts on healthcare quality measurement and risk adjustment; use predictive modeling to identify patient…','102050','Full Time','Manhattan','C0133')

INSERT INTO [PerfectAnalyst.Job] VALUES ('JB143','Data Scientist','O Data visualization libraries, data visualization tools (Power BI, Tableau, Qlik).','120000','Full Time','New York','C0134')

INSERT INTO [PerfectAnalyst.Job] VALUES ('JB144','Data Scientist','The Data & Evaluation Scientist, Health Equity is responsible for providing advanced analytics, evaluation and statistical support for population health,…','70000','Full Time','Jacksonville','C0135')

INSERT INTO [PerfectAnalyst.Job] VALUES ('JB145','Data Scientist','Team members will work collaboratively with the Noblis data analytics architects and data scientists to design and implement an offline and near real time…','150000','Full Time','Remote','C0136')

INSERT INTO [PerfectAnalyst.Job] VALUES ('JB146','Data Scientist','This includes end to end project ownership, manages critical path of delivery timelines, mitigates blockers and escalates as needed, avoids delivery surprises…','163000','Full Time','Remote','C0137')

INSERT INTO [PerfectAnalyst.Job] VALUES ('JB147','Data Scientist','Experience in analytics, advanced analytics/statistics, predictive modeling, machine learning, data visualization.','122840','Full Time','Remote','C0094')

INSERT INTO [PerfectAnalyst.Job] VALUES ('JB148','Data Scientist','Strong background in statistical and machine learning techniques such as anomaly detection, clustering and ranking of events, time series analysis, event stream…','70000','Full Time','San Jose','C0037')

INSERT INTO [PerfectAnalyst.Job] VALUES ('JB149','Data Scientist','Utilize advanced analytics methodology to build machine learning algorithms to refine the customer contact strategies for all direct mail, email, mobile, app,…','89900','Full Time','Oak Brook','C0138')

INSERT INTO [PerfectAnalyst.Job] VALUES ('JB150','Data Scientist','Professional position, which writes software utilizing analytics and machine learning to the achieve business goals and objectives of the Rating.','50000','Full Time','St. Louis','C0139')

INSERT INTO [PerfectAnalyst.Job] VALUES ('JB151','Data Scientist','Team Compositions – Our teams include data scientists, domain scientists and engineers, users, and a range of engineering talent from cloud and machine learning…','70000','Full Time','Seattle','C0140')

INSERT INTO [PerfectAnalyst.Job] VALUES ('JB152','Data Scientist','Perform data engineering to support the variety of ML and analytics applications listed above: analyze and understand workflows, ETL pipelines, data cleaning…','70000','Full Time','Alameda','C0141')

INSERT INTO [PerfectAnalyst.Job] VALUES ('JB153','Business Analyst','Foundational experience playing a contributing role in full cycle software delivery as a business analyst or developer.','158100','Full Time','Remote','C0155')

INSERT INTO [PerfectAnalyst.Job] VALUES ('JB154','Business Analyst','Develop strong relationships with business partners, working with them to optimize and enhance effective business solutions.','90000','Full Time','Harrisburg','C0156')

INSERT INTO [PerfectAnalyst.Job] VALUES ('JB155','Business Analyst','Strong business acumen and communication skills.','72500','Full Time','Earth City','C0157')

INSERT INTO [PerfectAnalyst.Job] VALUES ('JB156','Business Analyst','Conduct research into systems and business process issues as required.','120000','Full Time','Tulsa','C0158')

INSERT INTO [PerfectAnalyst.Job] VALUES ('JB157','Business Analyst','Capture and analyze business requirements.','120000','Full Time','Remote','C0159')

INSERT INTO [PerfectAnalyst.Job] VALUES ('JB158','Business Analyst','In collaboration with the IT Business Partners, IT Product Manager, and business stakeholders, you will use your agile and industry experience to deliver and…','110000','Full Time','Chicago','C0160')

INSERT INTO [PerfectAnalyst.Job] VALUES ('JB159','Business Analyst','The Business Analyst (“BA”) will be responsible for supporting and contributing to business analytics projects and processes to provide data-driven insights…','72000','Full Time','Greenville','C0142')

INSERT INTO [PerfectAnalyst.Job] VALUES ('JB160','Business Analyst','Responsible for supporting the coordination of project meetings with business users and project sponsors.','100000','Full Time','Los Angeles','C0161')

INSERT INTO [PerfectAnalyst.Job] VALUES ('JB161','Business Analyst','Develop Change request, User Requirement specification etc.','129600','Full Time','Lorain','C0162')

INSERT INTO [PerfectAnalyst.Job] VALUES ('JB162','Business Analyst','Develop an understanding of Husco business operations and drive and manage high fidelity technology solutions to business problems.','70000','Full Time','Waukesha','C0163')

INSERT INTO [PerfectAnalyst.Job] VALUES ('JB163','Business Analyst','Two (2) - three (3) years of experience in business office or healthcare setting desired.','100000','Full Time','Bloomington','C0164')

INSERT INTO [PerfectAnalyst.Job] VALUES ('JB164','Business Analyst','The Business Analyst is responsible for gathering business requirements and interpreting business needs into detailed requirements that can be easily understood…','120000','Full Time','Fishers','C0165')

INSERT INTO [PerfectAnalyst.Job] VALUES ('JB165','Business Analyst','Become a business systems subject matter expert by understanding and staying well-informed of operational procedures and business use-cases for system functions…','80000','Full Time','Remote','C0166')

INSERT INTO [PerfectAnalyst.Job] VALUES ('JB166','Business Analyst','Proficient in using SQL in a business environment.','148000','Full Time','Remote','C0167')

INSERT INTO [PerfectAnalyst.Job] VALUES ('JB167','Business Analyst','Proven experience working collaboratively or independently with multiple business partners.','50000','Full Time','Bowling Green','C0168')

INSERT INTO [PerfectAnalyst.Job] VALUES ('JB168','Business Analyst','Ability to create business and functional specifications according to business needs.','70000','Full Time','Plantation','C0169')

INSERT INTO [PerfectAnalyst.Job] VALUES ('JB169','Business Analyst','Utilizing IT data for business insights.','100800','Full Time','Remote','C0170')

INSERT INTO [PerfectAnalyst.Job] VALUES ('JB170','Business Analyst','Under the direction of Project and IT Managers, ITSS Business Analysts work with sponsors and IT teams to develop the overall project vision, collaborate with…','70000','Full Time','East Lansing','C0171')

INSERT INTO [PerfectAnalyst.Job] VALUES ('JB171','Business Analyst','When reporting guidelines are met, publicly update business profiles in an easy-to-understand manner for public profiles.','50000','Full Time','Remote','C0172')

INSERT INTO [PerfectAnalyst.Job] VALUES ('JB172','Business Analyst','The analysts will write the current state documentation so that existing employees and managers will recognize the process, allowing them to assess, based on…','134400','Full Time','Denver','C0173')

INSERT INTO [PerfectAnalyst.Job] VALUES ('JB173','Business Analyst','The ideal candidate should be able to quickly grasp business subject matter, work with the associated business data within source systems and analytical…','80000','Full Time','Remote','C0174')

INSERT INTO [PerfectAnalyst.Job] VALUES ('JB174','Business Analyst','Works with end users, system owners, and decision makers to improve applications to meet business goals and resolve business system issues.','90000','Full Time','Remote','C0175')

INSERT INTO [PerfectAnalyst.Job] VALUES ('JB175','Business Analyst','Responsibilities include data gathering, analysis, and reporting on a variety of business programs and processes.','151000','Full Time','Baton Rouge','C0176')

INSERT INTO [PerfectAnalyst.Job] VALUES ('JB176','Business Analyst','They will work with representatives identified as needing additional support for their block of business and with the on boarding of representatives…','70000','Full Time','Topeka','C0177')

INSERT INTO [PerfectAnalyst.Job] VALUES ('JB177','Business Analyst','The Business Systems Consultant III serves as a business analyst for projects involving critical data processing systems.','94080','Full Time','Trenton','C0178')

INSERT INTO [PerfectAnalyst.Job] VALUES ('JB178','Business Analyst','In addition to having strong technical skills, you must be comfortable in effectively communicating with business end users, technical IT teams, business…','61000','Full Time','Remote','C0179')

INSERT INTO [PerfectAnalyst.Job] VALUES ('JB179','Business Analyst','The role requires to Design, build, test and maintain enablers of business processes, including technology and process solutions with a focus on medium to high…','90000','Full Time','Remote','C0180')

INSERT INTO [PerfectAnalyst.Job] VALUES ('JB180','Business Analyst','Minimum of three (3) years of experience in a project oriented environment as business analyst, project manager, process transformation lead or subject matter…','70251','Full Time','Little Rock','C0020')

INSERT INTO [PerfectAnalyst.Job] VALUES ('JB181','Business Analyst','Familiarity with key concepts of the business analyst roles in an organization and standard methods employed by business analysts.','70000','Full Time','Chicago','C0143')

INSERT INTO [PerfectAnalyst.Job] VALUES ('JB182','Business Analyst','We are seeking an experienced business analyst to provide expert-level insight and analysis on our products and services.','115200','Full Time','Remote','C0181')

INSERT INTO [PerfectAnalyst.Job] VALUES ('JB183','Business Analyst','Bachelor’s degree or 5+ years equivalent work experience in healthcare or business-related field.','50000','Full Time','Toledo','C0182')

INSERT INTO [PerfectAnalyst.Job] VALUES ('JB184','Business Analyst','Develop and improve business and operational processes.','90000','Full Time','West Chester','C0183')

INSERT INTO [PerfectAnalyst.Job] VALUES ('JB185','Business Analyst','Works with key stakeholders within all business functions to align technology solutions with business strategies.','77760','Full Time','Newtown Square','C0184')

INSERT INTO [PerfectAnalyst.Job] VALUES ('JB186','Business Analyst','Salesforce BA (Sales, Service and Master Data)*.','148800','Full Time','Remote','C0185')

INSERT INTO [PerfectAnalyst.Job] VALUES ('JB187','Business Analyst','Document existing business data and determine how to improve existing business processes by gathering information and analyzing the business needs of the…','70000','Full Time','Olathe','C0186')

INSERT INTO [PerfectAnalyst.Job] VALUES ('JB188','Business Analyst','In this role you will serve as a support resource in the coordination of HR data compilation, analysis, and project execution to meet business objectives.','100000','Full Time','Nashville','C0187')

INSERT INTO [PerfectAnalyst.Job] VALUES ('JB189','Business Analyst','You will collaborate with business users to capture, document, and confirm business requirements.','92160','Full Time','Plano','C0188')

INSERT INTO [PerfectAnalyst.Job] VALUES ('JB190','Business Analyst','Proven experience with business and technical requirements analysis, elicitation, modeling, verification, and methodology development.','129600','Full Time','Charlotte','C0189')

INSERT INTO [PerfectAnalyst.Job] VALUES ('JB191','Business Analyst','Develop user stories that define the project business objectives.','150000','Full Time','Remote','C0190')

INSERT INTO [PerfectAnalyst.Job] VALUES ('JB192','Business Analyst','Lead the collaboration with business stakeholders and work with product owners to identify, analyze and document portfolio and program level business…','70000','Full Time','Remote','C0144')

INSERT INTO [PerfectAnalyst.Job] VALUES ('JB193','Business Analyst','Manage business requirements and clarify the intended functional behavior of software for stakeholders.','60000','Full Time','Bethesda','C0191')

INSERT INTO [PerfectAnalyst.Job] VALUES ('JB194','Business Analyst','Determines specific business application software requirements to address complex business needs.','88320','Full Time','Remote','C0192')

INSERT INTO [PerfectAnalyst.Job] VALUES ('JB195','Business Analyst','Analyze current business processes and document AS-IS business process flows.','124800','Full Time','Remote','C0145')

INSERT INTO [PerfectAnalyst.Job] VALUES ('JB196','Business Analyst','2+ years of experience in business, preferably working experience as business analyst or equivalent function.','162100','Full Time','Westerville','C0146')

INSERT INTO [PerfectAnalyst.Job] VALUES ('JB197','Business Analyst','Business process and system analysis, design improvement, and implementation efforts and in translating business process needs into technical requirements.','140000','Full Time','Remote','C0147')

INSERT INTO [PerfectAnalyst.Job] VALUES ('JB198','Business Analyst','Be ready to navigate the complex relationships that make the business world run and find the actionable insights that result in great business decisions.','155000','Full Time','RTP','C0148')

INSERT INTO [PerfectAnalyst.Job] VALUES ('JB199','Business Analyst','Understanding of business analysis principles, processes, techniques, and workflows.','120000','Full Time','Remote','C0149')

INSERT INTO [PerfectAnalyst.Job] VALUES ('JB200','Business Analyst','Utilize data to understand business patterns and trends.','50000','Full Time','Remote','C0150')

INSERT INTO [PerfectAnalyst.Job] VALUES ('JB201','Business Analyst','Strong business acumen and communication skills (oral and written).','82500','Full Time','Remote','C0193')

INSERT INTO [PerfectAnalyst.Job] VALUES ('JB202','Business Analyst','Utilizes business knowledge of managed care to serve as a resource on various projects.','90000','Full Time','Remote','C0151')

INSERT INTO [PerfectAnalyst.Job] VALUES ('JB203','Business Analyst','Ensures business opportunities and objectives are clearly articulated.','63000','Full Time','St. Louis','C0194')

INSERT INTO [PerfectAnalyst.Job] VALUES ('JB204','Business Analyst','You will work with the Web analyst to research and analyze business trends and customer behavior data to identify opportunities for website enhancements and new…','168000','Full Time','Remote','C0195')

INSERT INTO [PerfectAnalyst.Job] VALUES ('JB205','Business Analyst','Bachelors and 6 years experience in business analysis, business administration, engineering, information science, health or science-related field OR Master’s…','109200','Full Time','Remote','C0196')

INSERT INTO [PerfectAnalyst.Job] VALUES ('JB206','Business Analyst','Manage the end-to-end business data analysis deliverables to successful business outcomes.','135000','Full Time','Brookfield','C0197')

INSERT INTO [PerfectAnalyst.Job] VALUES ('JB207','Business Analyst','Strong understanding of healthcare business process and technology.','50000','Full Time','Oklahoma City','C0198')

INSERT INTO [PerfectAnalyst.Job] VALUES ('JB208','Business Analyst','Develop new business strategies and business models, taking all aspects into consideration and providing insight into how these strategies will benefit the…','120000','Full Time','Remote','C0199')

INSERT INTO [PerfectAnalyst.Job] VALUES ('JB209','Business Analyst','Understands and develops appropriate business models to represent business requirements and meet business needs.','50000','Full Time','Remote','C0200')

INSERT INTO [PerfectAnalyst.Job] VALUES ('JB210','Business Analyst','Collaborating with project stakeholders to define and document business processes and software requirements for technology initiatives, including workflow…','75000','Full Time','Remote','C0109')

INSERT INTO [PerfectAnalyst.Job] VALUES ('JB211','Business Analyst','Del Oro Consulting, a national consulting solutions provider with 20+ years experience delivering consulting staffing services to global technology leaders in','99840','Full Time','Remote','C0201')

INSERT INTO [PerfectAnalyst.Job] VALUES ('JB212','Business Analyst','Understand the business and information needs of business owners and translate those needs into BI/analytics/reporting requirements.','120000','Full Time','Lehi','C0092')

INSERT INTO [PerfectAnalyst.Job] VALUES ('JB213','Business Analyst','May require travel for business needs < 5%.','60000','Full Time','Remote','C0202')

INSERT INTO [PerfectAnalyst.Job] VALUES ('JB214','Business Analyst','At minimum 5 years of experience working with Cloud, Content Distribution Networks (CDN), and Online Direct to Consumer business planning.','100896','Full Time','Remote','C0203')

INSERT INTO [PerfectAnalyst.Job] VALUES ('JB215','Business Analyst','They maintain relationships with the business and leverage requirements engineering practices and methods to enable improved business processes to drive…','150000','Full Time','Remote','C0204')

INSERT INTO [PerfectAnalyst.Job] VALUES ('JB216','Business Analyst','Gather job specifications and business rules.','150000','Full Time','Remote','C0152')

INSERT INTO [PerfectAnalyst.Job] VALUES ('JB217','Business Analyst','A Master’s degree in business management/economics is a plus.','37440','Full Time','Remote','C0205')

INSERT INTO [PerfectAnalyst.Job] VALUES ('JB218','Business Analyst','Responsible for operationalizing regulatory and/or business requirements, including process improvement and work related to growth and value initiatives.','90000','Full Time','Remote','C0153')

INSERT INTO [PerfectAnalyst.Job] VALUES ('JB219','Business Analyst','Reports financial results to various business units within the organization.','90000','Full Time','Remote','C0095')

INSERT INTO [PerfectAnalyst.Job] VALUES ('JB220','Business Analyst','The Junior Business Analyst will execute daily tasks as well as improve business processes.','120000','Full Time','Remote','C0206')

INSERT INTO [PerfectAnalyst.Job] VALUES ('JB221','Business Analyst','You will apply a high level of technical application support experience to complex technology related activities of considerable difficulty and importance.','70000','Full Time','Remote','C0207')

INSERT INTO [PerfectAnalyst.Job] VALUES ('JB222','Business Analyst','Work with business stakeholders analyze business operations and recommend solutions to align individual business functions with organizational goals.','141000','Full Time','Stamford','C0130')

INSERT INTO [PerfectAnalyst.Job] VALUES ('JB223','Business Analyst','This position supports and enables the business by analyzing and evaluating relevant routine business data, information, metrics, and process to identify…','80000','Full Time','Remote','C0208')

INSERT INTO [PerfectAnalyst.Job] VALUES ('JB224','Business Analyst','AtlanticTransTrading is seeking a Business Analyst who is responsible for gathering, validating business requirements and involving in the development life…','70000','Full Time','Remote','C0209')


--DELETE FROM [PerfectAnalyst.Job]
SELECT COUNT(*) FROM [PerfectAnalyst.Job] --224
select * from [PerfectAnalyst.Job]

---SKILL 
---INSERT SKILL TABLE

INSERT INTO [PerfectAnalyst.Skill] VALUES ('SK001','Tableau')
INSERT INTO [PerfectAnalyst.Skill] VALUES ('SK002','Power BI')
INSERT INTO [PerfectAnalyst.Skill] VALUES ('SK003','Python')
INSERT INTO [PerfectAnalyst.Skill] VALUES ('SK004','Qlik Sense')
INSERT INTO [PerfectAnalyst.Skill] VALUES ('SK005','SAP')
INSERT INTO [PerfectAnalyst.Skill] VALUES ('SK006','R')
INSERT INTO [PerfectAnalyst.Skill] VALUES ('SK007','Machine Learning ')
INSERT INTO [PerfectAnalyst.Skill] VALUES ('SK008','Crticial Thinkin')
INSERT INTO [PerfectAnalyst.Skill] VALUES ('SK009','SQL')
INSERT INTO [PerfectAnalyst.Skill] VALUES ('SK010','Statistics ')
INSERT INTO [PerfectAnalyst.Skill] VALUES ('SK011','Microsoft Excel')
INSERT INTO [PerfectAnalyst.Skill] VALUES ('SK012','Presentation Skills')
INSERT INTO [PerfectAnalyst.Skill] VALUES ('SK013','Microsoft Azure')
INSERT INTO [PerfectAnalyst.Skill] VALUES ('SK014','Communication')
INSERT INTO [PerfectAnalyst.Skill] VALUES ('SK015','Microsoft AWS')
INSERT INTO [PerfectAnalyst.Skill] VALUES ('SK016','Powerpoint')
INSERT INTO [PerfectAnalyst.Skill] VALUES ('SK017','Apache Hadoop')
INSERT INTO [PerfectAnalyst.Skill] VALUES ('SK018','Apache Spark')
INSERT INTO [PerfectAnalyst.Skill] VALUES ('SK019','Google Analytics')
INSERT INTO [PerfectAnalyst.Skill] VALUES ('SK020','Alteryx')
INSERT INTO [PerfectAnalyst.Skill] VALUES ('SK021','MATLAB')
INSERT INTO [PerfectAnalyst.Skill] VALUES ('SK022','SAS')
INSERT INTO [PerfectAnalyst.Skill] VALUES ('SK023','Javascript')
INSERT INTO [PerfectAnalyst.Skill] VALUES ('SK024','SnowFlake')
INSERT INTO [PerfectAnalyst.Skill] VALUES ('SK025','Java')

SELECT COUNT(*) FROM [PerfectAnalyst.Skill] ---25

--- REQUIRE 

INSERT INTO [PerfectAnalyst.Require] VALUES ('JS001','JB153','SK001')
INSERT INTO [PerfectAnalyst.Require] VALUES ('JS002','JB154','SK001')
INSERT INTO [PerfectAnalyst.Require] VALUES ('JS003','JB155','SK001')
INSERT INTO [PerfectAnalyst.Require] VALUES ('JS004','JB156','SK001')
INSERT INTO [PerfectAnalyst.Require] VALUES ('JS005','JB157','SK001')
INSERT INTO [PerfectAnalyst.Require] VALUES ('JS006','JB158','SK001')
INSERT INTO [PerfectAnalyst.Require] VALUES ('JS007','JB159','SK001')
INSERT INTO [PerfectAnalyst.Require] VALUES ('JS008','JB160','SK001')
INSERT INTO [PerfectAnalyst.Require] VALUES ('JS009','JB161','SK001')
INSERT INTO [PerfectAnalyst.Require] VALUES ('JS010','JB162','SK001')
INSERT INTO [PerfectAnalyst.Require] VALUES ('JS011','JB163','SK001')
INSERT INTO [PerfectAnalyst.Require] VALUES ('JS012','JB164','SK001')
INSERT INTO [PerfectAnalyst.Require] VALUES ('JS013','JB165','SK001')
INSERT INTO [PerfectAnalyst.Require] VALUES ('JS014','JB166','SK001')
INSERT INTO [PerfectAnalyst.Require] VALUES ('JS015','JB167','SK001')
INSERT INTO [PerfectAnalyst.Require] VALUES ('JS001','JB168','SK001')
INSERT INTO [PerfectAnalyst.Require] VALUES ('JS002','JB169','SK001')
INSERT INTO [PerfectAnalyst.Require] VALUES ('JS003','JB170','SK001')
INSERT INTO [PerfectAnalyst.Require] VALUES ('JS004','JB171','SK001')
INSERT INTO [PerfectAnalyst.Require] VALUES ('JS005','JB172','SK001')
INSERT INTO [PerfectAnalyst.Require] VALUES ('JS006','JB173','SK001')
INSERT INTO [PerfectAnalyst.Require] VALUES ('JS007','JB174','SK001')
INSERT INTO [PerfectAnalyst.Require] VALUES ('JS008','JB175','SK001')
INSERT INTO [PerfectAnalyst.Require] VALUES ('JS009','JB176','SK001')
INSERT INTO [PerfectAnalyst.Require] VALUES ('JS010','JB177','SK001')
INSERT INTO [PerfectAnalyst.Require] VALUES ('JS011','JB178','SK001')
INSERT INTO [PerfectAnalyst.Require] VALUES ('JS012','JB179','SK001')
INSERT INTO [PerfectAnalyst.Require] VALUES ('JS013','JB180','SK001')
INSERT INTO [PerfectAnalyst.Require] VALUES ('JS014','JB181','SK001')
INSERT INTO [PerfectAnalyst.Require] VALUES ('JS015','JB182','SK001')
INSERT INTO [PerfectAnalyst.Require] VALUES ('JS001','JB183','SK001')
INSERT INTO [PerfectAnalyst.Require] VALUES ('JS002','JB184','SK001')
INSERT INTO [PerfectAnalyst.Require] VALUES ('JS003','JB185','SK001')
INSERT INTO [PerfectAnalyst.Require] VALUES ('JS004','JB153','SK002')
INSERT INTO [PerfectAnalyst.Require] VALUES ('JS005','JB154','SK002')
INSERT INTO [PerfectAnalyst.Require] VALUES ('JS006','JB155','SK002')
INSERT INTO [PerfectAnalyst.Require] VALUES ('JS007','JB156','SK002')
INSERT INTO [PerfectAnalyst.Require] VALUES ('JS008','JB157','SK002')
INSERT INTO [PerfectAnalyst.Require] VALUES ('JS009','JB158','SK002')
INSERT INTO [PerfectAnalyst.Require] VALUES ('JS010','JB159','SK002')
INSERT INTO [PerfectAnalyst.Require] VALUES ('JS011','JB160','SK002')
INSERT INTO [PerfectAnalyst.Require] VALUES ('JS012','JB161','SK002')
INSERT INTO [PerfectAnalyst.Require] VALUES ('JS013','JB162','SK002')
INSERT INTO [PerfectAnalyst.Require] VALUES ('JS014','JB163','SK002')
INSERT INTO [PerfectAnalyst.Require] VALUES ('JS015','JB164','SK002')
INSERT INTO [PerfectAnalyst.Require] VALUES ('JS001','JB165','SK002')
INSERT INTO [PerfectAnalyst.Require] VALUES ('JS002','JB166','SK002')
INSERT INTO [PerfectAnalyst.Require] VALUES ('JS003','JB167','SK002')
INSERT INTO [PerfectAnalyst.Require] VALUES ('JS004','JB168','SK002')
INSERT INTO [PerfectAnalyst.Require] VALUES ('JS005','JB169','SK002')
INSERT INTO [PerfectAnalyst.Require] VALUES ('JS006','JB170','SK002')
INSERT INTO [PerfectAnalyst.Require] VALUES ('JS007','JB171','SK002')
INSERT INTO [PerfectAnalyst.Require] VALUES ('JS008','JB172','SK002')
INSERT INTO [PerfectAnalyst.Require] VALUES ('JS009','JB173','SK002')
INSERT INTO [PerfectAnalyst.Require] VALUES ('JS010','JB153','SK003')
INSERT INTO [PerfectAnalyst.Require] VALUES ('JS011','JB154','SK003')
INSERT INTO [PerfectAnalyst.Require] VALUES ('JS012','JB155','SK003')
INSERT INTO [PerfectAnalyst.Require] VALUES ('JS013','JB156','SK003')
INSERT INTO [PerfectAnalyst.Require] VALUES ('JS014','JB157','SK003')
INSERT INTO [PerfectAnalyst.Require] VALUES ('JS015','JB158','SK003')
INSERT INTO [PerfectAnalyst.Require] VALUES ('JS001','JB159','SK003')
INSERT INTO [PerfectAnalyst.Require] VALUES ('JS002','JB160','SK003')
INSERT INTO [PerfectAnalyst.Require] VALUES ('JS003','JB161','SK003')
INSERT INTO [PerfectAnalyst.Require] VALUES ('JS004','JB162','SK003')
INSERT INTO [PerfectAnalyst.Require] VALUES ('JS005','JB163','SK003')
INSERT INTO [PerfectAnalyst.Require] VALUES ('JS006','JB164','SK003')
INSERT INTO [PerfectAnalyst.Require] VALUES ('JS007','JB165','SK003')
INSERT INTO [PerfectAnalyst.Require] VALUES ('JS008','JB166','SK003')
INSERT INTO [PerfectAnalyst.Require] VALUES ('JS009','JB167','SK003')
INSERT INTO [PerfectAnalyst.Require] VALUES ('JS010','JB168','SK003')
INSERT INTO [PerfectAnalyst.Require] VALUES ('JS011','JB169','SK003')
INSERT INTO [PerfectAnalyst.Require] VALUES ('JS012','JB170','SK003')
INSERT INTO [PerfectAnalyst.Require] VALUES ('JS013','JB171','SK003')
INSERT INTO [PerfectAnalyst.Require] VALUES ('JS014','JB172','SK003')
INSERT INTO [PerfectAnalyst.Require] VALUES ('JS015','JB173','SK003')
INSERT INTO [PerfectAnalyst.Require] VALUES ('JS001','JB174','SK003')
INSERT INTO [PerfectAnalyst.Require] VALUES ('JS002','JB175','SK003')
INSERT INTO [PerfectAnalyst.Require] VALUES ('JS003','JB176','SK003')
INSERT INTO [PerfectAnalyst.Require] VALUES ('JS004','JB177','SK003')
INSERT INTO [PerfectAnalyst.Require] VALUES ('JS005','JB178','SK003')
INSERT INTO [PerfectAnalyst.Require] VALUES ('JS006','JB179','SK003')
INSERT INTO [PerfectAnalyst.Require] VALUES ('JS007','JB180','SK003')
INSERT INTO [PerfectAnalyst.Require] VALUES ('JS008','JB181','SK003')
INSERT INTO [PerfectAnalyst.Require] VALUES ('JS009','JB182','SK003')
INSERT INTO [PerfectAnalyst.Require] VALUES ('JS010','JB183','SK003')
INSERT INTO [PerfectAnalyst.Require] VALUES ('JS011','JB184','SK003')
INSERT INTO [PerfectAnalyst.Require] VALUES ('JS012','JB185','SK003')
INSERT INTO [PerfectAnalyst.Require] VALUES ('JS013','JB186','SK003')
INSERT INTO [PerfectAnalyst.Require] VALUES ('JS014','JB187','SK003')
INSERT INTO [PerfectAnalyst.Require] VALUES ('JS015','JB188','SK003')
INSERT INTO [PerfectAnalyst.Require] VALUES ('JS001','JB189','SK003')
INSERT INTO [PerfectAnalyst.Require] VALUES ('JS002','JB190','SK003')
INSERT INTO [PerfectAnalyst.Require] VALUES ('JS003','JB191','SK003')
INSERT INTO [PerfectAnalyst.Require] VALUES ('JS004','JB192','SK003')
INSERT INTO [PerfectAnalyst.Require] VALUES ('JS005','JB153','SK004')
INSERT INTO [PerfectAnalyst.Require] VALUES ('JS006','JB154','SK004')
INSERT INTO [PerfectAnalyst.Require] VALUES ('JS007','JB155','SK004')
INSERT INTO [PerfectAnalyst.Require] VALUES ('JS008','JB156','SK004')
INSERT INTO [PerfectAnalyst.Require] VALUES ('JS009','JB157','SK004')
INSERT INTO [PerfectAnalyst.Require] VALUES ('JS010','JB153','SK006')
INSERT INTO [PerfectAnalyst.Require] VALUES ('JS011','JB154','SK006')
INSERT INTO [PerfectAnalyst.Require] VALUES ('JS012','JB153','SK008')
INSERT INTO [PerfectAnalyst.Require] VALUES ('JS013','JB154','SK008')
INSERT INTO [PerfectAnalyst.Require] VALUES ('JS014','JB155','SK008')
INSERT INTO [PerfectAnalyst.Require] VALUES ('JS015','JB156','SK008')
INSERT INTO [PerfectAnalyst.Require] VALUES ('JS001','JB157','SK008')
INSERT INTO [PerfectAnalyst.Require] VALUES ('JS002','JB158','SK008')
INSERT INTO [PerfectAnalyst.Require] VALUES ('JS003','JB159','SK008')
INSERT INTO [PerfectAnalyst.Require] VALUES ('JS004','JB160','SK008')
INSERT INTO [PerfectAnalyst.Require] VALUES ('JS005','JB161','SK008')
INSERT INTO [PerfectAnalyst.Require] VALUES ('JS006','JB162','SK008')
INSERT INTO [PerfectAnalyst.Require] VALUES ('JS007','JB163','SK008')
INSERT INTO [PerfectAnalyst.Require] VALUES ('JS008','JB164','SK008')
INSERT INTO [PerfectAnalyst.Require] VALUES ('JS009','JB165','SK008')
INSERT INTO [PerfectAnalyst.Require] VALUES ('JS010','JB166','SK008')
INSERT INTO [PerfectAnalyst.Require] VALUES ('JS011','JB167','SK008')
INSERT INTO [PerfectAnalyst.Require] VALUES ('JS012','JB168','SK008')
INSERT INTO [PerfectAnalyst.Require] VALUES ('JS013','JB169','SK008')
INSERT INTO [PerfectAnalyst.Require] VALUES ('JS014','JB170','SK008')
INSERT INTO [PerfectAnalyst.Require] VALUES ('JS015','JB171','SK008')
INSERT INTO [PerfectAnalyst.Require] VALUES ('JS001','JB172','SK008')
INSERT INTO [PerfectAnalyst.Require] VALUES ('JS002','JB173','SK008')
INSERT INTO [PerfectAnalyst.Require] VALUES ('JS003','JB174','SK008')
INSERT INTO [PerfectAnalyst.Require] VALUES ('JS004','JB175','SK008')
INSERT INTO [PerfectAnalyst.Require] VALUES ('JS005','JB176','SK008')
INSERT INTO [PerfectAnalyst.Require] VALUES ('JS006','JB177','SK008')
INSERT INTO [PerfectAnalyst.Require] VALUES ('JS007','JB178','SK008')
INSERT INTO [PerfectAnalyst.Require] VALUES ('JS008','JB179','SK008')
INSERT INTO [PerfectAnalyst.Require] VALUES ('JS009','JB180','SK008')
INSERT INTO [PerfectAnalyst.Require] VALUES ('JS010','JB181','SK008')
INSERT INTO [PerfectAnalyst.Require] VALUES ('JS011','JB182','SK008')
INSERT INTO [PerfectAnalyst.Require] VALUES ('JS012','JB183','SK008')
INSERT INTO [PerfectAnalyst.Require] VALUES ('JS013','JB184','SK008')
INSERT INTO [PerfectAnalyst.Require] VALUES ('JS014','JB185','SK008')
INSERT INTO [PerfectAnalyst.Require] VALUES ('JS015','JB186','SK008')
INSERT INTO [PerfectAnalyst.Require] VALUES ('JS001','JB187','SK008')
INSERT INTO [PerfectAnalyst.Require] VALUES ('JS002','JB188','SK008')
INSERT INTO [PerfectAnalyst.Require] VALUES ('JS003','JB189','SK008')
INSERT INTO [PerfectAnalyst.Require] VALUES ('JS004','JB190','SK008')
INSERT INTO [PerfectAnalyst.Require] VALUES ('JS005','JB191','SK008')
INSERT INTO [PerfectAnalyst.Require] VALUES ('JS006','JB192','SK008')
INSERT INTO [PerfectAnalyst.Require] VALUES ('JS007','JB193','SK008')
INSERT INTO [PerfectAnalyst.Require] VALUES ('JS008','JB194','SK008')
INSERT INTO [PerfectAnalyst.Require] VALUES ('JS009','JB195','SK008')
INSERT INTO [PerfectAnalyst.Require] VALUES ('JS010','JB153','SK009')
INSERT INTO [PerfectAnalyst.Require] VALUES ('JS011','JB154','SK009')
INSERT INTO [PerfectAnalyst.Require] VALUES ('JS012','JB155','SK009')
INSERT INTO [PerfectAnalyst.Require] VALUES ('JS013','JB156','SK009')
INSERT INTO [PerfectAnalyst.Require] VALUES ('JS014','JB157','SK009')
INSERT INTO [PerfectAnalyst.Require] VALUES ('JS015','JB158','SK009')
INSERT INTO [PerfectAnalyst.Require] VALUES ('JS001','JB159','SK009')
INSERT INTO [PerfectAnalyst.Require] VALUES ('JS002','JB160','SK009')
INSERT INTO [PerfectAnalyst.Require] VALUES ('JS003','JB161','SK009')
INSERT INTO [PerfectAnalyst.Require] VALUES ('JS004','JB162','SK009')
INSERT INTO [PerfectAnalyst.Require] VALUES ('JS005','JB163','SK009')
INSERT INTO [PerfectAnalyst.Require] VALUES ('JS006','JB164','SK009')
INSERT INTO [PerfectAnalyst.Require] VALUES ('JS007','JB165','SK009')
INSERT INTO [PerfectAnalyst.Require] VALUES ('JS008','JB166','SK009')
INSERT INTO [PerfectAnalyst.Require] VALUES ('JS009','JB167','SK009')
INSERT INTO [PerfectAnalyst.Require] VALUES ('JS010','JB168','SK009')
INSERT INTO [PerfectAnalyst.Require] VALUES ('JS011','JB169','SK009')
INSERT INTO [PerfectAnalyst.Require] VALUES ('JS012','JB170','SK009')
INSERT INTO [PerfectAnalyst.Require] VALUES ('JS013','JB171','SK009')
INSERT INTO [PerfectAnalyst.Require] VALUES ('JS014','JB172','SK009')
INSERT INTO [PerfectAnalyst.Require] VALUES ('JS015','JB173','SK009')
INSERT INTO [PerfectAnalyst.Require] VALUES ('JS001','JB174','SK009')
INSERT INTO [PerfectAnalyst.Require] VALUES ('JS002','JB175','SK009')
INSERT INTO [PerfectAnalyst.Require] VALUES ('JS003','JB176','SK009')
INSERT INTO [PerfectAnalyst.Require] VALUES ('JS004','JB177','SK009')
INSERT INTO [PerfectAnalyst.Require] VALUES ('JS005','JB178','SK009')
INSERT INTO [PerfectAnalyst.Require] VALUES ('JS006','JB179','SK009')
INSERT INTO [PerfectAnalyst.Require] VALUES ('JS007','JB180','SK009')
INSERT INTO [PerfectAnalyst.Require] VALUES ('JS008','JB181','SK009')
INSERT INTO [PerfectAnalyst.Require] VALUES ('JS009','JB182','SK009')
INSERT INTO [PerfectAnalyst.Require] VALUES ('JS010','JB183','SK009')
INSERT INTO [PerfectAnalyst.Require] VALUES ('JS011','JB184','SK009')
INSERT INTO [PerfectAnalyst.Require] VALUES ('JS012','JB185','SK009')
INSERT INTO [PerfectAnalyst.Require] VALUES ('JS013','JB186','SK009')
INSERT INTO [PerfectAnalyst.Require] VALUES ('JS014','JB187','SK009')
INSERT INTO [PerfectAnalyst.Require] VALUES ('JS015','JB188','SK009')
INSERT INTO [PerfectAnalyst.Require] VALUES ('JS001','JB189','SK009')
INSERT INTO [PerfectAnalyst.Require] VALUES ('JS002','JB190','SK009')
INSERT INTO [PerfectAnalyst.Require] VALUES ('JS003','JB191','SK009')
INSERT INTO [PerfectAnalyst.Require] VALUES ('JS004','JB192','SK009')
INSERT INTO [PerfectAnalyst.Require] VALUES ('JS005','JB193','SK009')
INSERT INTO [PerfectAnalyst.Require] VALUES ('JS006','JB194','SK009')
INSERT INTO [PerfectAnalyst.Require] VALUES ('JS007','JB195','SK009')
INSERT INTO [PerfectAnalyst.Require] VALUES ('JS008','JB196','SK009')
INSERT INTO [PerfectAnalyst.Require] VALUES ('JS009','JB197','SK009')
INSERT INTO [PerfectAnalyst.Require] VALUES ('JS010','JB198','SK009')
INSERT INTO [PerfectAnalyst.Require] VALUES ('JS011','JB199','SK009')
INSERT INTO [PerfectAnalyst.Require] VALUES ('JS012','JB200','SK009')
INSERT INTO [PerfectAnalyst.Require] VALUES ('JS013','JB201','SK009')
INSERT INTO [PerfectAnalyst.Require] VALUES ('JS014','JB202','SK009')
INSERT INTO [PerfectAnalyst.Require] VALUES ('JS015','JB203','SK009')
INSERT INTO [PerfectAnalyst.Require] VALUES ('JS001','JB204','SK009')
INSERT INTO [PerfectAnalyst.Require] VALUES ('JS002','JB205','SK009')
INSERT INTO [PerfectAnalyst.Require] VALUES ('JS003','JB206','SK009')
INSERT INTO [PerfectAnalyst.Require] VALUES ('JS004','JB207','SK009')
INSERT INTO [PerfectAnalyst.Require] VALUES ('JS005','JB153','SK010')
INSERT INTO [PerfectAnalyst.Require] VALUES ('JS006','JB154','SK010')
INSERT INTO [PerfectAnalyst.Require] VALUES ('JS007','JB155','SK010')
INSERT INTO [PerfectAnalyst.Require] VALUES ('JS008','JB156','SK010')
INSERT INTO [PerfectAnalyst.Require] VALUES ('JS009','JB157','SK010')
INSERT INTO [PerfectAnalyst.Require] VALUES ('JS010','JB158','SK010')
INSERT INTO [PerfectAnalyst.Require] VALUES ('JS011','JB159','SK010')
INSERT INTO [PerfectAnalyst.Require] VALUES ('JS012','JB160','SK010')
INSERT INTO [PerfectAnalyst.Require] VALUES ('JS013','JB161','SK010')
INSERT INTO [PerfectAnalyst.Require] VALUES ('JS014','JB162','SK010')
INSERT INTO [PerfectAnalyst.Require] VALUES ('JS015','JB163','SK010')
INSERT INTO [PerfectAnalyst.Require] VALUES ('JS001','JB164','SK010')
INSERT INTO [PerfectAnalyst.Require] VALUES ('JS002','JB165','SK010')
INSERT INTO [PerfectAnalyst.Require] VALUES ('JS003','JB166','SK010')
INSERT INTO [PerfectAnalyst.Require] VALUES ('JS004','JB167','SK010')
INSERT INTO [PerfectAnalyst.Require] VALUES ('JS005','JB153','SK011')
INSERT INTO [PerfectAnalyst.Require] VALUES ('JS006','JB154','SK011')
INSERT INTO [PerfectAnalyst.Require] VALUES ('JS007','JB155','SK011')
INSERT INTO [PerfectAnalyst.Require] VALUES ('JS008','JB156','SK011')
INSERT INTO [PerfectAnalyst.Require] VALUES ('JS009','JB157','SK011')
INSERT INTO [PerfectAnalyst.Require] VALUES ('JS010','JB158','SK011')
INSERT INTO [PerfectAnalyst.Require] VALUES ('JS011','JB159','SK011')
INSERT INTO [PerfectAnalyst.Require] VALUES ('JS012','JB160','SK011')
INSERT INTO [PerfectAnalyst.Require] VALUES ('JS013','JB161','SK011')
INSERT INTO [PerfectAnalyst.Require] VALUES ('JS014','JB162','SK011')
INSERT INTO [PerfectAnalyst.Require] VALUES ('JS015','JB163','SK011')
INSERT INTO [PerfectAnalyst.Require] VALUES ('JS001','JB164','SK011')
INSERT INTO [PerfectAnalyst.Require] VALUES ('JS002','JB165','SK011')
INSERT INTO [PerfectAnalyst.Require] VALUES ('JS003','JB166','SK011')
INSERT INTO [PerfectAnalyst.Require] VALUES ('JS004','JB167','SK011')
INSERT INTO [PerfectAnalyst.Require] VALUES ('JS005','JB168','SK011')
INSERT INTO [PerfectAnalyst.Require] VALUES ('JS006','JB169','SK011')
INSERT INTO [PerfectAnalyst.Require] VALUES ('JS007','JB170','SK011')
INSERT INTO [PerfectAnalyst.Require] VALUES ('JS008','JB171','SK011')
INSERT INTO [PerfectAnalyst.Require] VALUES ('JS009','JB172','SK011')
INSERT INTO [PerfectAnalyst.Require] VALUES ('JS010','JB173','SK011')
INSERT INTO [PerfectAnalyst.Require] VALUES ('JS011','JB174','SK011')
INSERT INTO [PerfectAnalyst.Require] VALUES ('JS012','JB175','SK011')
INSERT INTO [PerfectAnalyst.Require] VALUES ('JS013','JB176','SK011')
INSERT INTO [PerfectAnalyst.Require] VALUES ('JS014','JB177','SK011')
INSERT INTO [PerfectAnalyst.Require] VALUES ('JS015','JB178','SK011')
INSERT INTO [PerfectAnalyst.Require] VALUES ('JS001','JB179','SK011')
INSERT INTO [PerfectAnalyst.Require] VALUES ('JS002','JB180','SK011')
INSERT INTO [PerfectAnalyst.Require] VALUES ('JS003','JB181','SK011')
INSERT INTO [PerfectAnalyst.Require] VALUES ('JS004','JB182','SK011')
INSERT INTO [PerfectAnalyst.Require] VALUES ('JS005','JB183','SK011')
INSERT INTO [PerfectAnalyst.Require] VALUES ('JS006','JB184','SK011')
INSERT INTO [PerfectAnalyst.Require] VALUES ('JS007','JB185','SK011')
INSERT INTO [PerfectAnalyst.Require] VALUES ('JS008','JB186','SK011')
INSERT INTO [PerfectAnalyst.Require] VALUES ('JS009','JB187','SK011')
INSERT INTO [PerfectAnalyst.Require] VALUES ('JS010','JB188','SK011')
INSERT INTO [PerfectAnalyst.Require] VALUES ('JS011','JB189','SK011')
INSERT INTO [PerfectAnalyst.Require] VALUES ('JS012','JB190','SK011')
INSERT INTO [PerfectAnalyst.Require] VALUES ('JS013','JB191','SK011')
INSERT INTO [PerfectAnalyst.Require] VALUES ('JS014','JB192','SK011')
INSERT INTO [PerfectAnalyst.Require] VALUES ('JS015','JB193','SK011')
INSERT INTO [PerfectAnalyst.Require] VALUES ('JS001','JB194','SK011')
INSERT INTO [PerfectAnalyst.Require] VALUES ('JS002','JB195','SK011')
INSERT INTO [PerfectAnalyst.Require] VALUES ('JS003','JB196','SK011')
INSERT INTO [PerfectAnalyst.Require] VALUES ('JS004','JB197','SK011')
INSERT INTO [PerfectAnalyst.Require] VALUES ('JS005','JB198','SK011')
INSERT INTO [PerfectAnalyst.Require] VALUES ('JS006','JB199','SK011')
INSERT INTO [PerfectAnalyst.Require] VALUES ('JS007','JB200','SK011')
INSERT INTO [PerfectAnalyst.Require] VALUES ('JS008','JB201','SK011')
INSERT INTO [PerfectAnalyst.Require] VALUES ('JS009','JB202','SK011')
INSERT INTO [PerfectAnalyst.Require] VALUES ('JS010','JB203','SK011')
INSERT INTO [PerfectAnalyst.Require] VALUES ('JS011','JB204','SK011')
INSERT INTO [PerfectAnalyst.Require] VALUES ('JS012','JB205','SK011')
INSERT INTO [PerfectAnalyst.Require] VALUES ('JS013','JB206','SK011')
INSERT INTO [PerfectAnalyst.Require] VALUES ('JS014','JB207','SK011')
INSERT INTO [PerfectAnalyst.Require] VALUES ('JS015','JB208','SK011')
INSERT INTO [PerfectAnalyst.Require] VALUES ('JS001','JB209','SK011')
INSERT INTO [PerfectAnalyst.Require] VALUES ('JS002','JB210','SK011')
INSERT INTO [PerfectAnalyst.Require] VALUES ('JS003','JB211','SK011')
INSERT INTO [PerfectAnalyst.Require] VALUES ('JS004','JB212','SK011')
INSERT INTO [PerfectAnalyst.Require] VALUES ('JS005','JB213','SK011')
INSERT INTO [PerfectAnalyst.Require] VALUES ('JS006','JB153','SK012')
INSERT INTO [PerfectAnalyst.Require] VALUES ('JS007','JB154','SK012')
INSERT INTO [PerfectAnalyst.Require] VALUES ('JS008','JB155','SK012')
INSERT INTO [PerfectAnalyst.Require] VALUES ('JS009','JB156','SK012')
INSERT INTO [PerfectAnalyst.Require] VALUES ('JS010','JB157','SK012')
INSERT INTO [PerfectAnalyst.Require] VALUES ('JS011','JB158','SK012')
INSERT INTO [PerfectAnalyst.Require] VALUES ('JS012','JB159','SK012')
INSERT INTO [PerfectAnalyst.Require] VALUES ('JS013','JB160','SK012')
INSERT INTO [PerfectAnalyst.Require] VALUES ('JS014','JB161','SK012')
INSERT INTO [PerfectAnalyst.Require] VALUES ('JS015','JB162','SK012')
INSERT INTO [PerfectAnalyst.Require] VALUES ('JS001','JB163','SK012')
INSERT INTO [PerfectAnalyst.Require] VALUES ('JS002','JB164','SK012')
INSERT INTO [PerfectAnalyst.Require] VALUES ('JS003','JB165','SK012')
INSERT INTO [PerfectAnalyst.Require] VALUES ('JS004','JB166','SK012')
INSERT INTO [PerfectAnalyst.Require] VALUES ('JS005','JB167','SK012')
INSERT INTO [PerfectAnalyst.Require] VALUES ('JS006','JB168','SK012')
INSERT INTO [PerfectAnalyst.Require] VALUES ('JS007','JB169','SK012')
INSERT INTO [PerfectAnalyst.Require] VALUES ('JS008','JB170','SK012')
INSERT INTO [PerfectAnalyst.Require] VALUES ('JS009','JB171','SK012')
INSERT INTO [PerfectAnalyst.Require] VALUES ('JS010','JB172','SK012')
INSERT INTO [PerfectAnalyst.Require] VALUES ('JS011','JB173','SK012')
INSERT INTO [PerfectAnalyst.Require] VALUES ('JS012','JB174','SK012')
INSERT INTO [PerfectAnalyst.Require] VALUES ('JS013','JB175','SK012')
INSERT INTO [PerfectAnalyst.Require] VALUES ('JS014','JB176','SK012')
INSERT INTO [PerfectAnalyst.Require] VALUES ('JS015','JB177','SK012')
INSERT INTO [PerfectAnalyst.Require] VALUES ('JS001','JB178','SK012')
INSERT INTO [PerfectAnalyst.Require] VALUES ('JS002','JB179','SK012')
INSERT INTO [PerfectAnalyst.Require] VALUES ('JS003','JB180','SK012')
INSERT INTO [PerfectAnalyst.Require] VALUES ('JS004','JB181','SK012')
INSERT INTO [PerfectAnalyst.Require] VALUES ('JS005','JB182','SK012')
INSERT INTO [PerfectAnalyst.Require] VALUES ('JS006','JB183','SK012')
INSERT INTO [PerfectAnalyst.Require] VALUES ('JS007','JB184','SK012')
INSERT INTO [PerfectAnalyst.Require] VALUES ('JS008','JB185','SK012')
INSERT INTO [PerfectAnalyst.Require] VALUES ('JS009','JB186','SK012')
INSERT INTO [PerfectAnalyst.Require] VALUES ('JS010','JB187','SK012')
INSERT INTO [PerfectAnalyst.Require] VALUES ('JS011','JB188','SK012')
INSERT INTO [PerfectAnalyst.Require] VALUES ('JS012','JB189','SK012')
INSERT INTO [PerfectAnalyst.Require] VALUES ('JS013','JB190','SK012')
INSERT INTO [PerfectAnalyst.Require] VALUES ('JS014','JB191','SK012')
INSERT INTO [PerfectAnalyst.Require] VALUES ('JS015','JB192','SK012')
INSERT INTO [PerfectAnalyst.Require] VALUES ('JS001','JB193','SK012')
INSERT INTO [PerfectAnalyst.Require] VALUES ('JS002','JB194','SK012')
INSERT INTO [PerfectAnalyst.Require] VALUES ('JS003','JB195','SK012')
INSERT INTO [PerfectAnalyst.Require] VALUES ('JS004','JB196','SK012')
INSERT INTO [PerfectAnalyst.Require] VALUES ('JS005','JB197','SK012')
INSERT INTO [PerfectAnalyst.Require] VALUES ('JS006','JB198','SK012')
INSERT INTO [PerfectAnalyst.Require] VALUES ('JS007','JB199','SK012')
INSERT INTO [PerfectAnalyst.Require] VALUES ('JS008','JB200','SK012')
INSERT INTO [PerfectAnalyst.Require] VALUES ('JS009','JB153','SK014')
INSERT INTO [PerfectAnalyst.Require] VALUES ('JS010','JB154','SK014')
INSERT INTO [PerfectAnalyst.Require] VALUES ('JS011','JB155','SK014')
INSERT INTO [PerfectAnalyst.Require] VALUES ('JS012','JB156','SK014')
INSERT INTO [PerfectAnalyst.Require] VALUES ('JS013','JB157','SK014')
INSERT INTO [PerfectAnalyst.Require] VALUES ('JS014','JB158','SK014')
INSERT INTO [PerfectAnalyst.Require] VALUES ('JS015','JB159','SK014')
INSERT INTO [PerfectAnalyst.Require] VALUES ('JS001','JB160','SK014')
INSERT INTO [PerfectAnalyst.Require] VALUES ('JS002','JB161','SK014')
INSERT INTO [PerfectAnalyst.Require] VALUES ('JS003','JB162','SK014')
INSERT INTO [PerfectAnalyst.Require] VALUES ('JS004','JB163','SK014')
INSERT INTO [PerfectAnalyst.Require] VALUES ('JS005','JB164','SK014')
INSERT INTO [PerfectAnalyst.Require] VALUES ('JS006','JB165','SK014')
INSERT INTO [PerfectAnalyst.Require] VALUES ('JS007','JB166','SK014')
INSERT INTO [PerfectAnalyst.Require] VALUES ('JS008','JB167','SK014')
INSERT INTO [PerfectAnalyst.Require] VALUES ('JS009','JB168','SK014')
INSERT INTO [PerfectAnalyst.Require] VALUES ('JS010','JB169','SK014')
INSERT INTO [PerfectAnalyst.Require] VALUES ('JS011','JB170','SK014')
INSERT INTO [PerfectAnalyst.Require] VALUES ('JS012','JB171','SK014')
INSERT INTO [PerfectAnalyst.Require] VALUES ('JS013','JB172','SK014')
INSERT INTO [PerfectAnalyst.Require] VALUES ('JS014','JB173','SK014')
INSERT INTO [PerfectAnalyst.Require] VALUES ('JS015','JB174','SK014')
INSERT INTO [PerfectAnalyst.Require] VALUES ('JS001','JB175','SK014')
INSERT INTO [PerfectAnalyst.Require] VALUES ('JS002','JB176','SK014')
INSERT INTO [PerfectAnalyst.Require] VALUES ('JS003','JB177','SK014')
INSERT INTO [PerfectAnalyst.Require] VALUES ('JS004','JB178','SK014')
INSERT INTO [PerfectAnalyst.Require] VALUES ('JS005','JB179','SK014')
INSERT INTO [PerfectAnalyst.Require] VALUES ('JS006','JB180','SK014')
INSERT INTO [PerfectAnalyst.Require] VALUES ('JS007','JB181','SK014')
INSERT INTO [PerfectAnalyst.Require] VALUES ('JS008','JB182','SK014')
INSERT INTO [PerfectAnalyst.Require] VALUES ('JS009','JB183','SK014')
INSERT INTO [PerfectAnalyst.Require] VALUES ('JS010','JB184','SK014')
INSERT INTO [PerfectAnalyst.Require] VALUES ('JS011','JB185','SK014')
INSERT INTO [PerfectAnalyst.Require] VALUES ('JS012','JB186','SK014')
INSERT INTO [PerfectAnalyst.Require] VALUES ('JS013','JB187','SK014')
INSERT INTO [PerfectAnalyst.Require] VALUES ('JS014','JB188','SK014')
INSERT INTO [PerfectAnalyst.Require] VALUES ('JS015','JB189','SK014')
INSERT INTO [PerfectAnalyst.Require] VALUES ('JS001','JB190','SK014')
INSERT INTO [PerfectAnalyst.Require] VALUES ('JS002','JB191','SK014')
INSERT INTO [PerfectAnalyst.Require] VALUES ('JS003','JB192','SK014')
INSERT INTO [PerfectAnalyst.Require] VALUES ('JS004','JB193','SK014')
INSERT INTO [PerfectAnalyst.Require] VALUES ('JS005','JB194','SK014')
INSERT INTO [PerfectAnalyst.Require] VALUES ('JS006','JB195','SK014')
INSERT INTO [PerfectAnalyst.Require] VALUES ('JS007','JB196','SK014')
INSERT INTO [PerfectAnalyst.Require] VALUES ('JS008','JB197','SK014')
INSERT INTO [PerfectAnalyst.Require] VALUES ('JS009','JB198','SK014')
INSERT INTO [PerfectAnalyst.Require] VALUES ('JS010','JB199','SK014')
INSERT INTO [PerfectAnalyst.Require] VALUES ('JS011','JB200','SK014')
INSERT INTO [PerfectAnalyst.Require] VALUES ('JS012','JB201','SK014')
INSERT INTO [PerfectAnalyst.Require] VALUES ('JS013','JB153','SK016')
INSERT INTO [PerfectAnalyst.Require] VALUES ('JS014','JB154','SK016')
INSERT INTO [PerfectAnalyst.Require] VALUES ('JS015','JB155','SK016')
INSERT INTO [PerfectAnalyst.Require] VALUES ('JS001','JB156','SK016')
INSERT INTO [PerfectAnalyst.Require] VALUES ('JS002','JB157','SK016')
INSERT INTO [PerfectAnalyst.Require] VALUES ('JS003','JB158','SK016')
INSERT INTO [PerfectAnalyst.Require] VALUES ('JS004','JB159','SK016')
INSERT INTO [PerfectAnalyst.Require] VALUES ('JS005','JB160','SK016')
INSERT INTO [PerfectAnalyst.Require] VALUES ('JS006','JB161','SK016')
INSERT INTO [PerfectAnalyst.Require] VALUES ('JS007','JB162','SK016')
INSERT INTO [PerfectAnalyst.Require] VALUES ('JS008','JB163','SK016')
INSERT INTO [PerfectAnalyst.Require] VALUES ('JS009','JB164','SK016')
INSERT INTO [PerfectAnalyst.Require] VALUES ('JS010','JB165','SK016')
INSERT INTO [PerfectAnalyst.Require] VALUES ('JS011','JB166','SK016')
INSERT INTO [PerfectAnalyst.Require] VALUES ('JS012','JB167','SK016')
INSERT INTO [PerfectAnalyst.Require] VALUES ('JS013','JB168','SK016')
INSERT INTO [PerfectAnalyst.Require] VALUES ('JS014','JB169','SK016')
INSERT INTO [PerfectAnalyst.Require] VALUES ('JS015','JB170','SK016')
INSERT INTO [PerfectAnalyst.Require] VALUES ('JS001','JB171','SK016')
INSERT INTO [PerfectAnalyst.Require] VALUES ('JS002','JB172','SK016')
INSERT INTO [PerfectAnalyst.Require] VALUES ('JS003','JB173','SK016')
INSERT INTO [PerfectAnalyst.Require] VALUES ('JS004','JB174','SK016')
INSERT INTO [PerfectAnalyst.Require] VALUES ('JS005','JB175','SK016')
INSERT INTO [PerfectAnalyst.Require] VALUES ('JS006','JB176','SK016')
INSERT INTO [PerfectAnalyst.Require] VALUES ('JS007','JB177','SK016')
INSERT INTO [PerfectAnalyst.Require] VALUES ('JS008','JB178','SK016')
INSERT INTO [PerfectAnalyst.Require] VALUES ('JS009','JB179','SK016')
INSERT INTO [PerfectAnalyst.Require] VALUES ('JS010','JB180','SK016')
INSERT INTO [PerfectAnalyst.Require] VALUES ('JS011','JB181','SK016')
INSERT INTO [PerfectAnalyst.Require] VALUES ('JS012','JB182','SK016')
INSERT INTO [PerfectAnalyst.Require] VALUES ('JS013','JB183','SK016')
INSERT INTO [PerfectAnalyst.Require] VALUES ('JS014','JB184','SK016')
INSERT INTO [PerfectAnalyst.Require] VALUES ('JS015','JB185','SK016')
INSERT INTO [PerfectAnalyst.Require] VALUES ('JS001','JB186','SK016')
INSERT INTO [PerfectAnalyst.Require] VALUES ('JS002','JB187','SK016')
INSERT INTO [PerfectAnalyst.Require] VALUES ('JS003','JB188','SK016')
INSERT INTO [PerfectAnalyst.Require] VALUES ('JS004','JB189','SK016')
INSERT INTO [PerfectAnalyst.Require] VALUES ('JS005','JB190','SK016')
INSERT INTO [PerfectAnalyst.Require] VALUES ('JS006','JB191','SK016')
INSERT INTO [PerfectAnalyst.Require] VALUES ('JS007','JB192','SK016')
INSERT INTO [PerfectAnalyst.Require] VALUES ('JS008','JB193','SK016')
INSERT INTO [PerfectAnalyst.Require] VALUES ('JS009','JB194','SK016')
INSERT INTO [PerfectAnalyst.Require] VALUES ('JS010','JB195','SK016')
INSERT INTO [PerfectAnalyst.Require] VALUES ('JS011','JB196','SK016')
INSERT INTO [PerfectAnalyst.Require] VALUES ('JS012','JB197','SK016')
INSERT INTO [PerfectAnalyst.Require] VALUES ('JS013','JB153','SK019')
INSERT INTO [PerfectAnalyst.Require] VALUES ('JS014','JB154','SK019')
INSERT INTO [PerfectAnalyst.Require] VALUES ('JS015','JB155','SK019')
INSERT INTO [PerfectAnalyst.Require] VALUES ('JS001','JB156','SK019')
INSERT INTO [PerfectAnalyst.Require] VALUES ('JS002','JB157','SK019')
INSERT INTO [PerfectAnalyst.Require] VALUES ('JS003','JB158','SK019')
INSERT INTO [PerfectAnalyst.Require] VALUES ('JS004','JB159','SK019')
INSERT INTO [PerfectAnalyst.Require] VALUES ('JS005','JB160','SK019')
INSERT INTO [PerfectAnalyst.Require] VALUES ('JS006','JB161','SK019')
INSERT INTO [PerfectAnalyst.Require] VALUES ('JS007','JB162','SK019')
INSERT INTO [PerfectAnalyst.Require] VALUES ('JS008','JB163','SK019')
INSERT INTO [PerfectAnalyst.Require] VALUES ('JS009','JB164','SK019')
INSERT INTO [PerfectAnalyst.Require] VALUES ('JS010','JB165','SK019')
INSERT INTO [PerfectAnalyst.Require] VALUES ('JS011','JB166','SK019')
INSERT INTO [PerfectAnalyst.Require] VALUES ('JS012','JB167','SK019')
INSERT INTO [PerfectAnalyst.Require] VALUES ('JS013','JB168','SK019')
INSERT INTO [PerfectAnalyst.Require] VALUES ('JS014','JB153','SK020')
INSERT INTO [PerfectAnalyst.Require] VALUES ('JS015','JB154','SK020')
INSERT INTO [PerfectAnalyst.Require] VALUES ('JS001','JB155','SK020')
INSERT INTO [PerfectAnalyst.Require] VALUES ('JS002','JB156','SK020')
INSERT INTO [PerfectAnalyst.Require] VALUES ('JS003','JB052','SK001')
INSERT INTO [PerfectAnalyst.Require] VALUES ('JS004','JB053','SK001')
INSERT INTO [PerfectAnalyst.Require] VALUES ('JS005','JB054','SK001')
INSERT INTO [PerfectAnalyst.Require] VALUES ('JS006','JB055','SK001')
INSERT INTO [PerfectAnalyst.Require] VALUES ('JS007','JB056','SK001')
INSERT INTO [PerfectAnalyst.Require] VALUES ('JS008','JB057','SK001')
INSERT INTO [PerfectAnalyst.Require] VALUES ('JS009','JB058','SK001')
INSERT INTO [PerfectAnalyst.Require] VALUES ('JS010','JB059','SK001')
INSERT INTO [PerfectAnalyst.Require] VALUES ('JS011','JB060','SK001')
INSERT INTO [PerfectAnalyst.Require] VALUES ('JS012','JB061','SK001')
INSERT INTO [PerfectAnalyst.Require] VALUES ('JS013','JB062','SK001')
INSERT INTO [PerfectAnalyst.Require] VALUES ('JS014','JB063','SK001')
INSERT INTO [PerfectAnalyst.Require] VALUES ('JS015','JB064','SK001')
INSERT INTO [PerfectAnalyst.Require] VALUES ('JS001','JB065','SK001')
INSERT INTO [PerfectAnalyst.Require] VALUES ('JS002','JB066','SK001')
INSERT INTO [PerfectAnalyst.Require] VALUES ('JS003','JB067','SK001')
INSERT INTO [PerfectAnalyst.Require] VALUES ('JS004','JB068','SK001')
INSERT INTO [PerfectAnalyst.Require] VALUES ('JS005','JB069','SK001')
INSERT INTO [PerfectAnalyst.Require] VALUES ('JS006','JB070','SK001')
INSERT INTO [PerfectAnalyst.Require] VALUES ('JS007','JB071','SK001')
INSERT INTO [PerfectAnalyst.Require] VALUES ('JS008','JB072','SK001')
INSERT INTO [PerfectAnalyst.Require] VALUES ('JS009','JB073','SK001')
INSERT INTO [PerfectAnalyst.Require] VALUES ('JS010','JB074','SK001')
INSERT INTO [PerfectAnalyst.Require] VALUES ('JS011','JB075','SK001')
INSERT INTO [PerfectAnalyst.Require] VALUES ('JS012','JB076','SK001')
INSERT INTO [PerfectAnalyst.Require] VALUES ('JS013','JB077','SK001')
INSERT INTO [PerfectAnalyst.Require] VALUES ('JS014','JB078','SK001')
INSERT INTO [PerfectAnalyst.Require] VALUES ('JS015','JB079','SK001')
INSERT INTO [PerfectAnalyst.Require] VALUES ('JS001','JB080','SK001')
INSERT INTO [PerfectAnalyst.Require] VALUES ('JS002','JB081','SK001')
INSERT INTO [PerfectAnalyst.Require] VALUES ('JS003','JB082','SK001')
INSERT INTO [PerfectAnalyst.Require] VALUES ('JS004','JB083','SK001')
INSERT INTO [PerfectAnalyst.Require] VALUES ('JS005','JB084','SK001')
INSERT INTO [PerfectAnalyst.Require] VALUES ('JS006','JB085','SK001')
INSERT INTO [PerfectAnalyst.Require] VALUES ('JS007','JB086','SK001')
INSERT INTO [PerfectAnalyst.Require] VALUES ('JS008','JB087','SK001')
INSERT INTO [PerfectAnalyst.Require] VALUES ('JS009','JB088','SK001')
INSERT INTO [PerfectAnalyst.Require] VALUES ('JS010','JB089','SK001')
INSERT INTO [PerfectAnalyst.Require] VALUES ('JS011','JB090','SK001')
INSERT INTO [PerfectAnalyst.Require] VALUES ('JS012','JB091','SK001')
INSERT INTO [PerfectAnalyst.Require] VALUES ('JS013','JB092','SK001')
INSERT INTO [PerfectAnalyst.Require] VALUES ('JS014','JB052','SK002')
INSERT INTO [PerfectAnalyst.Require] VALUES ('JS015','JB053','SK002')
INSERT INTO [PerfectAnalyst.Require] VALUES ('JS001','JB054','SK002')
INSERT INTO [PerfectAnalyst.Require] VALUES ('JS002','JB055','SK002')
INSERT INTO [PerfectAnalyst.Require] VALUES ('JS003','JB056','SK002')
INSERT INTO [PerfectAnalyst.Require] VALUES ('JS004','JB057','SK002')
INSERT INTO [PerfectAnalyst.Require] VALUES ('JS005','JB058','SK002')
INSERT INTO [PerfectAnalyst.Require] VALUES ('JS006','JB059','SK002')
INSERT INTO [PerfectAnalyst.Require] VALUES ('JS007','JB060','SK002')
INSERT INTO [PerfectAnalyst.Require] VALUES ('JS008','JB061','SK002')
INSERT INTO [PerfectAnalyst.Require] VALUES ('JS009','JB052','SK003')
INSERT INTO [PerfectAnalyst.Require] VALUES ('JS010','JB053','SK003')
INSERT INTO [PerfectAnalyst.Require] VALUES ('JS011','JB054','SK003')
INSERT INTO [PerfectAnalyst.Require] VALUES ('JS012','JB055','SK003')
INSERT INTO [PerfectAnalyst.Require] VALUES ('JS013','JB056','SK003')
INSERT INTO [PerfectAnalyst.Require] VALUES ('JS014','JB057','SK003')
INSERT INTO [PerfectAnalyst.Require] VALUES ('JS015','JB058','SK003')
INSERT INTO [PerfectAnalyst.Require] VALUES ('JS001','JB059','SK003')
INSERT INTO [PerfectAnalyst.Require] VALUES ('JS002','JB060','SK003')
INSERT INTO [PerfectAnalyst.Require] VALUES ('JS003','JB061','SK003')
INSERT INTO [PerfectAnalyst.Require] VALUES ('JS004','JB062','SK003')
INSERT INTO [PerfectAnalyst.Require] VALUES ('JS005','JB063','SK003')
INSERT INTO [PerfectAnalyst.Require] VALUES ('JS006','JB064','SK003')
INSERT INTO [PerfectAnalyst.Require] VALUES ('JS007','JB065','SK003')
INSERT INTO [PerfectAnalyst.Require] VALUES ('JS008','JB066','SK003')
INSERT INTO [PerfectAnalyst.Require] VALUES ('JS009','JB067','SK003')
INSERT INTO [PerfectAnalyst.Require] VALUES ('JS010','JB068','SK003')
INSERT INTO [PerfectAnalyst.Require] VALUES ('JS011','JB069','SK003')
INSERT INTO [PerfectAnalyst.Require] VALUES ('JS012','JB070','SK003')
INSERT INTO [PerfectAnalyst.Require] VALUES ('JS013','JB071','SK003')
INSERT INTO [PerfectAnalyst.Require] VALUES ('JS014','JB072','SK003')
INSERT INTO [PerfectAnalyst.Require] VALUES ('JS015','JB073','SK003')
INSERT INTO [PerfectAnalyst.Require] VALUES ('JS001','JB074','SK003')
INSERT INTO [PerfectAnalyst.Require] VALUES ('JS002','JB075','SK003')
INSERT INTO [PerfectAnalyst.Require] VALUES ('JS003','JB076','SK003')
INSERT INTO [PerfectAnalyst.Require] VALUES ('JS004','JB077','SK003')
INSERT INTO [PerfectAnalyst.Require] VALUES ('JS005','JB078','SK003')
INSERT INTO [PerfectAnalyst.Require] VALUES ('JS006','JB079','SK003')
INSERT INTO [PerfectAnalyst.Require] VALUES ('JS007','JB080','SK003')
INSERT INTO [PerfectAnalyst.Require] VALUES ('JS008','JB081','SK003')
INSERT INTO [PerfectAnalyst.Require] VALUES ('JS009','JB082','SK003')
INSERT INTO [PerfectAnalyst.Require] VALUES ('JS010','JB083','SK003')
INSERT INTO [PerfectAnalyst.Require] VALUES ('JS011','JB084','SK003')
INSERT INTO [PerfectAnalyst.Require] VALUES ('JS012','JB085','SK003')
INSERT INTO [PerfectAnalyst.Require] VALUES ('JS013','JB086','SK003')
INSERT INTO [PerfectAnalyst.Require] VALUES ('JS014','JB087','SK003')
INSERT INTO [PerfectAnalyst.Require] VALUES ('JS015','JB088','SK003')
INSERT INTO [PerfectAnalyst.Require] VALUES ('JS001','JB089','SK003')
INSERT INTO [PerfectAnalyst.Require] VALUES ('JS002','JB052','SK004')
INSERT INTO [PerfectAnalyst.Require] VALUES ('JS003','JB053','SK004')
INSERT INTO [PerfectAnalyst.Require] VALUES ('JS004','JB054','SK004')
INSERT INTO [PerfectAnalyst.Require] VALUES ('JS005','JB055','SK004')
INSERT INTO [PerfectAnalyst.Require] VALUES ('JS006','JB056','SK004')
INSERT INTO [PerfectAnalyst.Require] VALUES ('JS007','JB057','SK004')
INSERT INTO [PerfectAnalyst.Require] VALUES ('JS008','JB058','SK004')
INSERT INTO [PerfectAnalyst.Require] VALUES ('JS009','JB059','SK004')
INSERT INTO [PerfectAnalyst.Require] VALUES ('JS010','JB052','SK005')
INSERT INTO [PerfectAnalyst.Require] VALUES ('JS011','JB053','SK005')
INSERT INTO [PerfectAnalyst.Require] VALUES ('JS012','JB054','SK005')
INSERT INTO [PerfectAnalyst.Require] VALUES ('JS013','JB055','SK005')
INSERT INTO [PerfectAnalyst.Require] VALUES ('JS014','JB056','SK005')
INSERT INTO [PerfectAnalyst.Require] VALUES ('JS015','JB057','SK005')
INSERT INTO [PerfectAnalyst.Require] VALUES ('JS001','JB058','SK005')
INSERT INTO [PerfectAnalyst.Require] VALUES ('JS002','JB059','SK005')
INSERT INTO [PerfectAnalyst.Require] VALUES ('JS003','JB060','SK005')
INSERT INTO [PerfectAnalyst.Require] VALUES ('JS004','JB052','SK006')
INSERT INTO [PerfectAnalyst.Require] VALUES ('JS005','JB053','SK006')
INSERT INTO [PerfectAnalyst.Require] VALUES ('JS006','JB054','SK006')
INSERT INTO [PerfectAnalyst.Require] VALUES ('JS007','JB055','SK006')
INSERT INTO [PerfectAnalyst.Require] VALUES ('JS008','JB056','SK006')
INSERT INTO [PerfectAnalyst.Require] VALUES ('JS009','JB057','SK006')
INSERT INTO [PerfectAnalyst.Require] VALUES ('JS010','JB058','SK006')
INSERT INTO [PerfectAnalyst.Require] VALUES ('JS011','JB059','SK006')
INSERT INTO [PerfectAnalyst.Require] VALUES ('JS012','JB060','SK006')
INSERT INTO [PerfectAnalyst.Require] VALUES ('JS013','JB061','SK006')
INSERT INTO [PerfectAnalyst.Require] VALUES ('JS014','JB062','SK006')
INSERT INTO [PerfectAnalyst.Require] VALUES ('JS015','JB063','SK006')
INSERT INTO [PerfectAnalyst.Require] VALUES ('JS001','JB064','SK006')
INSERT INTO [PerfectAnalyst.Require] VALUES ('JS002','JB065','SK006')
INSERT INTO [PerfectAnalyst.Require] VALUES ('JS003','JB066','SK006')
INSERT INTO [PerfectAnalyst.Require] VALUES ('JS004','JB067','SK006')
INSERT INTO [PerfectAnalyst.Require] VALUES ('JS005','JB068','SK006')
INSERT INTO [PerfectAnalyst.Require] VALUES ('JS006','JB069','SK006')
INSERT INTO [PerfectAnalyst.Require] VALUES ('JS007','JB070','SK006')
INSERT INTO [PerfectAnalyst.Require] VALUES ('JS008','JB071','SK006')
INSERT INTO [PerfectAnalyst.Require] VALUES ('JS009','JB072','SK006')
INSERT INTO [PerfectAnalyst.Require] VALUES ('JS010','JB073','SK006')
INSERT INTO [PerfectAnalyst.Require] VALUES ('JS011','JB074','SK006')
INSERT INTO [PerfectAnalyst.Require] VALUES ('JS012','JB075','SK006')
INSERT INTO [PerfectAnalyst.Require] VALUES ('JS013','JB076','SK006')
INSERT INTO [PerfectAnalyst.Require] VALUES ('JS014','JB077','SK006')
INSERT INTO [PerfectAnalyst.Require] VALUES ('JS015','JB078','SK006')
INSERT INTO [PerfectAnalyst.Require] VALUES ('JS001','JB079','SK006')
INSERT INTO [PerfectAnalyst.Require] VALUES ('JS002','JB080','SK006')
INSERT INTO [PerfectAnalyst.Require] VALUES ('JS003','JB081','SK006')
INSERT INTO [PerfectAnalyst.Require] VALUES ('JS004','JB052','SK007')
INSERT INTO [PerfectAnalyst.Require] VALUES ('JS005','JB053','SK007')
INSERT INTO [PerfectAnalyst.Require] VALUES ('JS006','JB054','SK007')
INSERT INTO [PerfectAnalyst.Require] VALUES ('JS007','JB055','SK007')
INSERT INTO [PerfectAnalyst.Require] VALUES ('JS008','JB056','SK007')
INSERT INTO [PerfectAnalyst.Require] VALUES ('JS009','JB057','SK007')
INSERT INTO [PerfectAnalyst.Require] VALUES ('JS010','JB058','SK007')
INSERT INTO [PerfectAnalyst.Require] VALUES ('JS011','JB059','SK007')
INSERT INTO [PerfectAnalyst.Require] VALUES ('JS012','JB060','SK007')
INSERT INTO [PerfectAnalyst.Require] VALUES ('JS013','JB061','SK007')
INSERT INTO [PerfectAnalyst.Require] VALUES ('JS014','JB062','SK007')
INSERT INTO [PerfectAnalyst.Require] VALUES ('JS015','JB063','SK007')
INSERT INTO [PerfectAnalyst.Require] VALUES ('JS001','JB064','SK007')
INSERT INTO [PerfectAnalyst.Require] VALUES ('JS002','JB065','SK007')
INSERT INTO [PerfectAnalyst.Require] VALUES ('JS003','JB066','SK007')
INSERT INTO [PerfectAnalyst.Require] VALUES ('JS004','JB067','SK007')
INSERT INTO [PerfectAnalyst.Require] VALUES ('JS005','JB068','SK007')
INSERT INTO [PerfectAnalyst.Require] VALUES ('JS006','JB069','SK007')
INSERT INTO [PerfectAnalyst.Require] VALUES ('JS007','JB070','SK007')
INSERT INTO [PerfectAnalyst.Require] VALUES ('JS008','JB071','SK007')
INSERT INTO [PerfectAnalyst.Require] VALUES ('JS009','JB072','SK007')
INSERT INTO [PerfectAnalyst.Require] VALUES ('JS010','JB073','SK007')
INSERT INTO [PerfectAnalyst.Require] VALUES ('JS011','JB074','SK007')
INSERT INTO [PerfectAnalyst.Require] VALUES ('JS012','JB075','SK007')
INSERT INTO [PerfectAnalyst.Require] VALUES ('JS013','JB076','SK007')
INSERT INTO [PerfectAnalyst.Require] VALUES ('JS014','JB077','SK007')
INSERT INTO [PerfectAnalyst.Require] VALUES ('JS015','JB078','SK007')
INSERT INTO [PerfectAnalyst.Require] VALUES ('JS001','JB079','SK007')
INSERT INTO [PerfectAnalyst.Require] VALUES ('JS002','JB080','SK007')
INSERT INTO [PerfectAnalyst.Require] VALUES ('JS003','JB081','SK007')
INSERT INTO [PerfectAnalyst.Require] VALUES ('JS004','JB082','SK007')
INSERT INTO [PerfectAnalyst.Require] VALUES ('JS005','JB052','SK008')
INSERT INTO [PerfectAnalyst.Require] VALUES ('JS006','JB053','SK008')
INSERT INTO [PerfectAnalyst.Require] VALUES ('JS007','JB054','SK008')
INSERT INTO [PerfectAnalyst.Require] VALUES ('JS008','JB055','SK008')
INSERT INTO [PerfectAnalyst.Require] VALUES ('JS009','JB056','SK008')
INSERT INTO [PerfectAnalyst.Require] VALUES ('JS010','JB057','SK008')
INSERT INTO [PerfectAnalyst.Require] VALUES ('JS011','JB058','SK008')
INSERT INTO [PerfectAnalyst.Require] VALUES ('JS012','JB059','SK008')
INSERT INTO [PerfectAnalyst.Require] VALUES ('JS013','JB060','SK008')
INSERT INTO [PerfectAnalyst.Require] VALUES ('JS014','JB061','SK008')
INSERT INTO [PerfectAnalyst.Require] VALUES ('JS015','JB062','SK008')
INSERT INTO [PerfectAnalyst.Require] VALUES ('JS001','JB063','SK008')
INSERT INTO [PerfectAnalyst.Require] VALUES ('JS002','JB064','SK008')
INSERT INTO [PerfectAnalyst.Require] VALUES ('JS003','JB065','SK008')
INSERT INTO [PerfectAnalyst.Require] VALUES ('JS004','JB066','SK008')
INSERT INTO [PerfectAnalyst.Require] VALUES ('JS005','JB052','SK009')
INSERT INTO [PerfectAnalyst.Require] VALUES ('JS006','JB053','SK009')
INSERT INTO [PerfectAnalyst.Require] VALUES ('JS007','JB054','SK009')
INSERT INTO [PerfectAnalyst.Require] VALUES ('JS008','JB055','SK009')
INSERT INTO [PerfectAnalyst.Require] VALUES ('JS009','JB056','SK009')
INSERT INTO [PerfectAnalyst.Require] VALUES ('JS010','JB057','SK009')
INSERT INTO [PerfectAnalyst.Require] VALUES ('JS011','JB058','SK009')
INSERT INTO [PerfectAnalyst.Require] VALUES ('JS012','JB059','SK009')
INSERT INTO [PerfectAnalyst.Require] VALUES ('JS013','JB060','SK009')
INSERT INTO [PerfectAnalyst.Require] VALUES ('JS014','JB061','SK009')
INSERT INTO [PerfectAnalyst.Require] VALUES ('JS015','JB062','SK009')
INSERT INTO [PerfectAnalyst.Require] VALUES ('JS001','JB063','SK009')
INSERT INTO [PerfectAnalyst.Require] VALUES ('JS002','JB064','SK009')
INSERT INTO [PerfectAnalyst.Require] VALUES ('JS003','JB065','SK009')
INSERT INTO [PerfectAnalyst.Require] VALUES ('JS004','JB066','SK009')
INSERT INTO [PerfectAnalyst.Require] VALUES ('JS005','JB067','SK009')
INSERT INTO [PerfectAnalyst.Require] VALUES ('JS006','JB068','SK009')
INSERT INTO [PerfectAnalyst.Require] VALUES ('JS007','JB069','SK009')
INSERT INTO [PerfectAnalyst.Require] VALUES ('JS008','JB070','SK009')
INSERT INTO [PerfectAnalyst.Require] VALUES ('JS009','JB071','SK009')
INSERT INTO [PerfectAnalyst.Require] VALUES ('JS010','JB072','SK009')
INSERT INTO [PerfectAnalyst.Require] VALUES ('JS011','JB073','SK009')
INSERT INTO [PerfectAnalyst.Require] VALUES ('JS012','JB074','SK009')
INSERT INTO [PerfectAnalyst.Require] VALUES ('JS013','JB075','SK009')
INSERT INTO [PerfectAnalyst.Require] VALUES ('JS014','JB076','SK009')
INSERT INTO [PerfectAnalyst.Require] VALUES ('JS015','JB052','SK010')
INSERT INTO [PerfectAnalyst.Require] VALUES ('JS001','JB053','SK010')
INSERT INTO [PerfectAnalyst.Require] VALUES ('JS002','JB054','SK010')
INSERT INTO [PerfectAnalyst.Require] VALUES ('JS003','JB055','SK010')
INSERT INTO [PerfectAnalyst.Require] VALUES ('JS004','JB056','SK010')
INSERT INTO [PerfectAnalyst.Require] VALUES ('JS005','JB057','SK010')
INSERT INTO [PerfectAnalyst.Require] VALUES ('JS006','JB058','SK010')
INSERT INTO [PerfectAnalyst.Require] VALUES ('JS007','JB059','SK010')
INSERT INTO [PerfectAnalyst.Require] VALUES ('JS008','JB060','SK010')
INSERT INTO [PerfectAnalyst.Require] VALUES ('JS009','JB061','SK010')
INSERT INTO [PerfectAnalyst.Require] VALUES ('JS010','JB062','SK010')
INSERT INTO [PerfectAnalyst.Require] VALUES ('JS011','JB063','SK010')
INSERT INTO [PerfectAnalyst.Require] VALUES ('JS012','JB064','SK010')
INSERT INTO [PerfectAnalyst.Require] VALUES ('JS013','JB065','SK010')
INSERT INTO [PerfectAnalyst.Require] VALUES ('JS014','JB066','SK010')
INSERT INTO [PerfectAnalyst.Require] VALUES ('JS015','JB067','SK010')
INSERT INTO [PerfectAnalyst.Require] VALUES ('JS001','JB068','SK010')
INSERT INTO [PerfectAnalyst.Require] VALUES ('JS002','JB069','SK010')
INSERT INTO [PerfectAnalyst.Require] VALUES ('JS003','JB070','SK010')
INSERT INTO [PerfectAnalyst.Require] VALUES ('JS004','JB071','SK010')
INSERT INTO [PerfectAnalyst.Require] VALUES ('JS005','JB072','SK010')
INSERT INTO [PerfectAnalyst.Require] VALUES ('JS006','JB073','SK010')
INSERT INTO [PerfectAnalyst.Require] VALUES ('JS007','JB074','SK010')
INSERT INTO [PerfectAnalyst.Require] VALUES ('JS008','JB075','SK010')
INSERT INTO [PerfectAnalyst.Require] VALUES ('JS009','JB076','SK010')
INSERT INTO [PerfectAnalyst.Require] VALUES ('JS010','JB077','SK010')
INSERT INTO [PerfectAnalyst.Require] VALUES ('JS011','JB078','SK010')
INSERT INTO [PerfectAnalyst.Require] VALUES ('JS012','JB079','SK010')
INSERT INTO [PerfectAnalyst.Require] VALUES ('JS013','JB080','SK010')
INSERT INTO [PerfectAnalyst.Require] VALUES ('JS014','JB081','SK010')
INSERT INTO [PerfectAnalyst.Require] VALUES ('JS015','JB082','SK010')
INSERT INTO [PerfectAnalyst.Require] VALUES ('JS001','JB052','SK011')
INSERT INTO [PerfectAnalyst.Require] VALUES ('JS002','JB053','SK011')
INSERT INTO [PerfectAnalyst.Require] VALUES ('JS003','JB054','SK011')
INSERT INTO [PerfectAnalyst.Require] VALUES ('JS004','JB055','SK011')
INSERT INTO [PerfectAnalyst.Require] VALUES ('JS005','JB056','SK011')
INSERT INTO [PerfectAnalyst.Require] VALUES ('JS006','JB057','SK011')
INSERT INTO [PerfectAnalyst.Require] VALUES ('JS007','JB058','SK011')
INSERT INTO [PerfectAnalyst.Require] VALUES ('JS008','JB052','SK012')
INSERT INTO [PerfectAnalyst.Require] VALUES ('JS009','JB053','SK012')
INSERT INTO [PerfectAnalyst.Require] VALUES ('JS010','JB054','SK012')
INSERT INTO [PerfectAnalyst.Require] VALUES ('JS011','JB052','SK013')
INSERT INTO [PerfectAnalyst.Require] VALUES ('JS012','JB053','SK013')
INSERT INTO [PerfectAnalyst.Require] VALUES ('JS013','JB054','SK013')
INSERT INTO [PerfectAnalyst.Require] VALUES ('JS014','JB055','SK013')
INSERT INTO [PerfectAnalyst.Require] VALUES ('JS015','JB056','SK013')
INSERT INTO [PerfectAnalyst.Require] VALUES ('JS001','JB057','SK013')
INSERT INTO [PerfectAnalyst.Require] VALUES ('JS002','JB058','SK013')
INSERT INTO [PerfectAnalyst.Require] VALUES ('JS003','JB059','SK013')
INSERT INTO [PerfectAnalyst.Require] VALUES ('JS004','JB060','SK013')
INSERT INTO [PerfectAnalyst.Require] VALUES ('JS005','JB061','SK013')
INSERT INTO [PerfectAnalyst.Require] VALUES ('JS006','JB062','SK013')
INSERT INTO [PerfectAnalyst.Require] VALUES ('JS007','JB052','SK014')
INSERT INTO [PerfectAnalyst.Require] VALUES ('JS008','JB053','SK014')
INSERT INTO [PerfectAnalyst.Require] VALUES ('JS009','JB054','SK014')
INSERT INTO [PerfectAnalyst.Require] VALUES ('JS010','JB055','SK014')
INSERT INTO [PerfectAnalyst.Require] VALUES ('JS011','JB052','SK015')
INSERT INTO [PerfectAnalyst.Require] VALUES ('JS012','JB053','SK015')
INSERT INTO [PerfectAnalyst.Require] VALUES ('JS013','JB054','SK015')
INSERT INTO [PerfectAnalyst.Require] VALUES ('JS014','JB055','SK015')
INSERT INTO [PerfectAnalyst.Require] VALUES ('JS015','JB056','SK015')
INSERT INTO [PerfectAnalyst.Require] VALUES ('JS001','JB057','SK015')
INSERT INTO [PerfectAnalyst.Require] VALUES ('JS002','JB058','SK015')
INSERT INTO [PerfectAnalyst.Require] VALUES ('JS003','JB059','SK015')
INSERT INTO [PerfectAnalyst.Require] VALUES ('JS004','JB060','SK015')
INSERT INTO [PerfectAnalyst.Require] VALUES ('JS005','JB061','SK015')
INSERT INTO [PerfectAnalyst.Require] VALUES ('JS006','JB062','SK015')
INSERT INTO [PerfectAnalyst.Require] VALUES ('JS007','JB063','SK015')
INSERT INTO [PerfectAnalyst.Require] VALUES ('JS008','JB052','SK016')
INSERT INTO [PerfectAnalyst.Require] VALUES ('JS009','JB053','SK016')
INSERT INTO [PerfectAnalyst.Require] VALUES ('JS010','JB052','SK017')
INSERT INTO [PerfectAnalyst.Require] VALUES ('JS011','JB053','SK017')
INSERT INTO [PerfectAnalyst.Require] VALUES ('JS012','JB054','SK017')
INSERT INTO [PerfectAnalyst.Require] VALUES ('JS013','JB055','SK017')
INSERT INTO [PerfectAnalyst.Require] VALUES ('JS014','JB056','SK017')
INSERT INTO [PerfectAnalyst.Require] VALUES ('JS015','JB057','SK017')
INSERT INTO [PerfectAnalyst.Require] VALUES ('JS001','JB058','SK017')
INSERT INTO [PerfectAnalyst.Require] VALUES ('JS002','JB059','SK017')
INSERT INTO [PerfectAnalyst.Require] VALUES ('JS003','JB060','SK017')
INSERT INTO [PerfectAnalyst.Require] VALUES ('JS004','JB061','SK017')
INSERT INTO [PerfectAnalyst.Require] VALUES ('JS005','JB062','SK017')
INSERT INTO [PerfectAnalyst.Require] VALUES ('JS006','JB063','SK017')
INSERT INTO [PerfectAnalyst.Require] VALUES ('JS007','JB064','SK017')
INSERT INTO [PerfectAnalyst.Require] VALUES ('JS008','JB065','SK017')
INSERT INTO [PerfectAnalyst.Require] VALUES ('JS009','JB066','SK017')
INSERT INTO [PerfectAnalyst.Require] VALUES ('JS010','JB067','SK017')
INSERT INTO [PerfectAnalyst.Require] VALUES ('JS011','JB052','SK018')
INSERT INTO [PerfectAnalyst.Require] VALUES ('JS012','JB053','SK018')
INSERT INTO [PerfectAnalyst.Require] VALUES ('JS013','JB054','SK018')
INSERT INTO [PerfectAnalyst.Require] VALUES ('JS014','JB055','SK018')
INSERT INTO [PerfectAnalyst.Require] VALUES ('JS015','JB056','SK018')
INSERT INTO [PerfectAnalyst.Require] VALUES ('JS001','JB057','SK018')
INSERT INTO [PerfectAnalyst.Require] VALUES ('JS002','JB058','SK018')
INSERT INTO [PerfectAnalyst.Require] VALUES ('JS003','JB059','SK018')
INSERT INTO [PerfectAnalyst.Require] VALUES ('JS004','JB060','SK018')
INSERT INTO [PerfectAnalyst.Require] VALUES ('JS005','JB061','SK018')
INSERT INTO [PerfectAnalyst.Require] VALUES ('JS006','JB062','SK018')
INSERT INTO [PerfectAnalyst.Require] VALUES ('JS007','JB063','SK018')
INSERT INTO [PerfectAnalyst.Require] VALUES ('JS008','JB064','SK018')
INSERT INTO [PerfectAnalyst.Require] VALUES ('JS009','JB052','SK021')
INSERT INTO [PerfectAnalyst.Require] VALUES ('JS010','JB052','SK022')
INSERT INTO [PerfectAnalyst.Require] VALUES ('JS011','JB053','SK022')
INSERT INTO [PerfectAnalyst.Require] VALUES ('JS012','JB054','SK022')
INSERT INTO [PerfectAnalyst.Require] VALUES ('JS013','JB052','SK024')
INSERT INTO [PerfectAnalyst.Require] VALUES ('JS014','JB053','SK024')
INSERT INTO [PerfectAnalyst.Require] VALUES ('JS015','JB054','SK024')
INSERT INTO [PerfectAnalyst.Require] VALUES ('JS001','JB055','SK024')
INSERT INTO [PerfectAnalyst.Require] VALUES ('JS002','JB052','SK025')
INSERT INTO [PerfectAnalyst.Require] VALUES ('JS003','JB053','SK025')
INSERT INTO [PerfectAnalyst.Require] VALUES ('JS004','JB054','SK025')
INSERT INTO [PerfectAnalyst.Require] VALUES ('JS005','JB055','SK025')
INSERT INTO [PerfectAnalyst.Require] VALUES ('JS006','JB056','SK025')
INSERT INTO [PerfectAnalyst.Require] VALUES ('JS007','JB057','SK025')
INSERT INTO [PerfectAnalyst.Require] VALUES ('JS008','JB058','SK025')
INSERT INTO [PerfectAnalyst.Require] VALUES ('JS009','JB059','SK025')
INSERT INTO [PerfectAnalyst.Require] VALUES ('JS010','JB060','SK025')
INSERT INTO [PerfectAnalyst.Require] VALUES ('JS011','JB061','SK025')
INSERT INTO [PerfectAnalyst.Require] VALUES ('JS012','JB062','SK025')
INSERT INTO [PerfectAnalyst.Require] VALUES ('JS013','JB063','SK025')
INSERT INTO [PerfectAnalyst.Require] VALUES ('JS014','JB064','SK025')
INSERT INTO [PerfectAnalyst.Require] VALUES ('JS015','JB001','SK001')
INSERT INTO [PerfectAnalyst.Require] VALUES ('JS001','JB002','SK001')
INSERT INTO [PerfectAnalyst.Require] VALUES ('JS002','JB003','SK001')
INSERT INTO [PerfectAnalyst.Require] VALUES ('JS003','JB004','SK001')
INSERT INTO [PerfectAnalyst.Require] VALUES ('JS004','JB005','SK001')
INSERT INTO [PerfectAnalyst.Require] VALUES ('JS005','JB006','SK001')
INSERT INTO [PerfectAnalyst.Require] VALUES ('JS006','JB007','SK001')
INSERT INTO [PerfectAnalyst.Require] VALUES ('JS007','JB008','SK001')
INSERT INTO [PerfectAnalyst.Require] VALUES ('JS008','JB009','SK001')
INSERT INTO [PerfectAnalyst.Require] VALUES ('JS009','JB010','SK001')
INSERT INTO [PerfectAnalyst.Require] VALUES ('JS010','JB011','SK001')
INSERT INTO [PerfectAnalyst.Require] VALUES ('JS011','JB012','SK001')
INSERT INTO [PerfectAnalyst.Require] VALUES ('JS012','JB013','SK001')
INSERT INTO [PerfectAnalyst.Require] VALUES ('JS013','JB014','SK001')
INSERT INTO [PerfectAnalyst.Require] VALUES ('JS014','JB015','SK001')
INSERT INTO [PerfectAnalyst.Require] VALUES ('JS015','JB016','SK001')
INSERT INTO [PerfectAnalyst.Require] VALUES ('JS001','JB017','SK001')
INSERT INTO [PerfectAnalyst.Require] VALUES ('JS002','JB018','SK002')
INSERT INTO [PerfectAnalyst.Require] VALUES ('JS003','JB019','SK002')
INSERT INTO [PerfectAnalyst.Require] VALUES ('JS004','JB020','SK002')
INSERT INTO [PerfectAnalyst.Require] VALUES ('JS005','JB021','SK002')
INSERT INTO [PerfectAnalyst.Require] VALUES ('JS006','JB022','SK002')
INSERT INTO [PerfectAnalyst.Require] VALUES ('JS007','JB023','SK002')
INSERT INTO [PerfectAnalyst.Require] VALUES ('JS008','JB024','SK002')
INSERT INTO [PerfectAnalyst.Require] VALUES ('JS009','JB025','SK002')
INSERT INTO [PerfectAnalyst.Require] VALUES ('JS010','JB026','SK002')
INSERT INTO [PerfectAnalyst.Require] VALUES ('JS011','JB027','SK002')
INSERT INTO [PerfectAnalyst.Require] VALUES ('JS012','JB028','SK002')
INSERT INTO [PerfectAnalyst.Require] VALUES ('JS013','JB029','SK002')
INSERT INTO [PerfectAnalyst.Require] VALUES ('JS014','JB030','SK002')
INSERT INTO [PerfectAnalyst.Require] VALUES ('JS015','JB031','SK002')
INSERT INTO [PerfectAnalyst.Require] VALUES ('JS001','JB032','SK002')
INSERT INTO [PerfectAnalyst.Require] VALUES ('JS002','JB001','SK003')
INSERT INTO [PerfectAnalyst.Require] VALUES ('JS003','JB002','SK003')
INSERT INTO [PerfectAnalyst.Require] VALUES ('JS004','JB003','SK003')
INSERT INTO [PerfectAnalyst.Require] VALUES ('JS005','JB004','SK003')
INSERT INTO [PerfectAnalyst.Require] VALUES ('JS006','JB005','SK003')
INSERT INTO [PerfectAnalyst.Require] VALUES ('JS007','JB006','SK003')
INSERT INTO [PerfectAnalyst.Require] VALUES ('JS008','JB007','SK003')
INSERT INTO [PerfectAnalyst.Require] VALUES ('JS009','JB008','SK003')
INSERT INTO [PerfectAnalyst.Require] VALUES ('JS010','JB009','SK003')
INSERT INTO [PerfectAnalyst.Require] VALUES ('JS011','JB010','SK003')
INSERT INTO [PerfectAnalyst.Require] VALUES ('JS012','JB011','SK003')
INSERT INTO [PerfectAnalyst.Require] VALUES ('JS013','JB012','SK003')
INSERT INTO [PerfectAnalyst.Require] VALUES ('JS014','JB013','SK003')
INSERT INTO [PerfectAnalyst.Require] VALUES ('JS015','JB014','SK003')
INSERT INTO [PerfectAnalyst.Require] VALUES ('JS001','JB015','SK003')
INSERT INTO [PerfectAnalyst.Require] VALUES ('JS002','JB016','SK003')
INSERT INTO [PerfectAnalyst.Require] VALUES ('JS003','JB017','SK003')
INSERT INTO [PerfectAnalyst.Require] VALUES ('JS004','JB018','SK003')
INSERT INTO [PerfectAnalyst.Require] VALUES ('JS005','JB019','SK003')
INSERT INTO [PerfectAnalyst.Require] VALUES ('JS006','JB020','SK003')
INSERT INTO [PerfectAnalyst.Require] VALUES ('JS007','JB021','SK003')
INSERT INTO [PerfectAnalyst.Require] VALUES ('JS008','JB022','SK003')
INSERT INTO [PerfectAnalyst.Require] VALUES ('JS009','JB023','SK003')
INSERT INTO [PerfectAnalyst.Require] VALUES ('JS010','JB024','SK003')
INSERT INTO [PerfectAnalyst.Require] VALUES ('JS011','JB025','SK003')
INSERT INTO [PerfectAnalyst.Require] VALUES ('JS012','JB026','SK003')
INSERT INTO [PerfectAnalyst.Require] VALUES ('JS013','JB027','SK003')
INSERT INTO [PerfectAnalyst.Require] VALUES ('JS014','JB001','SK005')
INSERT INTO [PerfectAnalyst.Require] VALUES ('JS015','JB002','SK005')
INSERT INTO [PerfectAnalyst.Require] VALUES ('JS001','JB003','SK005')
INSERT INTO [PerfectAnalyst.Require] VALUES ('JS002','JB004','SK005')
INSERT INTO [PerfectAnalyst.Require] VALUES ('JS003','JB005','SK005')
INSERT INTO [PerfectAnalyst.Require] VALUES ('JS004','JB006','SK005')
INSERT INTO [PerfectAnalyst.Require] VALUES ('JS005','JB007','SK005')
INSERT INTO [PerfectAnalyst.Require] VALUES ('JS006','JB008','SK005')
INSERT INTO [PerfectAnalyst.Require] VALUES ('JS007','JB009','SK005')
INSERT INTO [PerfectAnalyst.Require] VALUES ('JS008','JB010','SK005')
INSERT INTO [PerfectAnalyst.Require] VALUES ('JS009','JB011','SK005')
INSERT INTO [PerfectAnalyst.Require] VALUES ('JS010','JB012','SK005')
INSERT INTO [PerfectAnalyst.Require] VALUES ('JS011','JB001','SK006')
INSERT INTO [PerfectAnalyst.Require] VALUES ('JS012','JB002','SK006')
INSERT INTO [PerfectAnalyst.Require] VALUES ('JS013','JB003','SK006')
INSERT INTO [PerfectAnalyst.Require] VALUES ('JS014','JB004','SK006')
INSERT INTO [PerfectAnalyst.Require] VALUES ('JS015','JB005','SK006')
INSERT INTO [PerfectAnalyst.Require] VALUES ('JS001','JB006','SK006')
INSERT INTO [PerfectAnalyst.Require] VALUES ('JS002','JB007','SK006')
INSERT INTO [PerfectAnalyst.Require] VALUES ('JS003','JB008','SK006')
INSERT INTO [PerfectAnalyst.Require] VALUES ('JS004','JB009','SK006')
INSERT INTO [PerfectAnalyst.Require] VALUES ('JS005','JB010','SK006')
INSERT INTO [PerfectAnalyst.Require] VALUES ('JS006','JB011','SK006')
INSERT INTO [PerfectAnalyst.Require] VALUES ('JS007','JB012','SK006')
INSERT INTO [PerfectAnalyst.Require] VALUES ('JS008','JB013','SK006')
INSERT INTO [PerfectAnalyst.Require] VALUES ('JS009','JB014','SK006')
INSERT INTO [PerfectAnalyst.Require] VALUES ('JS010','JB015','SK006')
INSERT INTO [PerfectAnalyst.Require] VALUES ('JS011','JB016','SK006')
INSERT INTO [PerfectAnalyst.Require] VALUES ('JS012','JB017','SK006')
INSERT INTO [PerfectAnalyst.Require] VALUES ('JS013','JB018','SK006')
INSERT INTO [PerfectAnalyst.Require] VALUES ('JS014','JB019','SK006')
INSERT INTO [PerfectAnalyst.Require] VALUES ('JS015','JB020','SK006')
INSERT INTO [PerfectAnalyst.Require] VALUES ('JS001','JB021','SK006')
INSERT INTO [PerfectAnalyst.Require] VALUES ('JS002','JB022','SK006')
INSERT INTO [PerfectAnalyst.Require] VALUES ('JS003','JB023','SK006')
INSERT INTO [PerfectAnalyst.Require] VALUES ('JS004','JB024','SK006')
INSERT INTO [PerfectAnalyst.Require] VALUES ('JS005','JB001','SK007')
INSERT INTO [PerfectAnalyst.Require] VALUES ('JS006','JB002','SK007')
INSERT INTO [PerfectAnalyst.Require] VALUES ('JS007','JB003','SK007')
INSERT INTO [PerfectAnalyst.Require] VALUES ('JS008','JB004','SK007')
INSERT INTO [PerfectAnalyst.Require] VALUES ('JS009','JB005','SK007')
INSERT INTO [PerfectAnalyst.Require] VALUES ('JS010','JB006','SK007')
INSERT INTO [PerfectAnalyst.Require] VALUES ('JS011','JB007','SK007')
INSERT INTO [PerfectAnalyst.Require] VALUES ('JS012','JB008','SK007')
INSERT INTO [PerfectAnalyst.Require] VALUES ('JS013','JB009','SK007')
INSERT INTO [PerfectAnalyst.Require] VALUES ('JS014','JB010','SK007')
INSERT INTO [PerfectAnalyst.Require] VALUES ('JS015','JB011','SK007')
INSERT INTO [PerfectAnalyst.Require] VALUES ('JS001','JB012','SK007')
INSERT INTO [PerfectAnalyst.Require] VALUES ('JS002','JB001','SK008')
INSERT INTO [PerfectAnalyst.Require] VALUES ('JS003','JB002','SK008')
INSERT INTO [PerfectAnalyst.Require] VALUES ('JS004','JB003','SK008')
INSERT INTO [PerfectAnalyst.Require] VALUES ('JS005','JB004','SK008')
INSERT INTO [PerfectAnalyst.Require] VALUES ('JS006','JB005','SK008')
INSERT INTO [PerfectAnalyst.Require] VALUES ('JS007','JB006','SK008')
INSERT INTO [PerfectAnalyst.Require] VALUES ('JS008','JB007','SK008')
INSERT INTO [PerfectAnalyst.Require] VALUES ('JS009','JB008','SK008')
INSERT INTO [PerfectAnalyst.Require] VALUES ('JS010','JB009','SK008')
INSERT INTO [PerfectAnalyst.Require] VALUES ('JS011','JB001','SK009')
INSERT INTO [PerfectAnalyst.Require] VALUES ('JS012','JB002','SK009')
INSERT INTO [PerfectAnalyst.Require] VALUES ('JS013','JB003','SK009')
INSERT INTO [PerfectAnalyst.Require] VALUES ('JS014','JB004','SK009')
INSERT INTO [PerfectAnalyst.Require] VALUES ('JS015','JB005','SK009')
INSERT INTO [PerfectAnalyst.Require] VALUES ('JS001','JB006','SK009')
INSERT INTO [PerfectAnalyst.Require] VALUES ('JS002','JB007','SK009')
INSERT INTO [PerfectAnalyst.Require] VALUES ('JS003','JB008','SK009')
INSERT INTO [PerfectAnalyst.Require] VALUES ('JS004','JB009','SK009')
INSERT INTO [PerfectAnalyst.Require] VALUES ('JS005','JB010','SK009')
INSERT INTO [PerfectAnalyst.Require] VALUES ('JS006','JB011','SK009')
INSERT INTO [PerfectAnalyst.Require] VALUES ('JS007','JB012','SK009')
INSERT INTO [PerfectAnalyst.Require] VALUES ('JS008','JB013','SK009')
INSERT INTO [PerfectAnalyst.Require] VALUES ('JS009','JB014','SK009')
INSERT INTO [PerfectAnalyst.Require] VALUES ('JS010','JB015','SK009')
INSERT INTO [PerfectAnalyst.Require] VALUES ('JS011','JB016','SK009')
INSERT INTO [PerfectAnalyst.Require] VALUES ('JS012','JB017','SK009')
INSERT INTO [PerfectAnalyst.Require] VALUES ('JS013','JB018','SK009')
INSERT INTO [PerfectAnalyst.Require] VALUES ('JS014','JB019','SK009')
INSERT INTO [PerfectAnalyst.Require] VALUES ('JS015','JB020','SK009')
INSERT INTO [PerfectAnalyst.Require] VALUES ('JS001','JB021','SK009')
INSERT INTO [PerfectAnalyst.Require] VALUES ('JS002','JB022','SK009')
INSERT INTO [PerfectAnalyst.Require] VALUES ('JS003','JB023','SK009')
INSERT INTO [PerfectAnalyst.Require] VALUES ('JS004','JB024','SK009')
INSERT INTO [PerfectAnalyst.Require] VALUES ('JS005','JB025','SK009')
INSERT INTO [PerfectAnalyst.Require] VALUES ('JS006','JB026','SK009')
INSERT INTO [PerfectAnalyst.Require] VALUES ('JS007','JB027','SK009')
INSERT INTO [PerfectAnalyst.Require] VALUES ('JS008','JB028','SK009')
INSERT INTO [PerfectAnalyst.Require] VALUES ('JS009','JB029','SK009')
INSERT INTO [PerfectAnalyst.Require] VALUES ('JS010','JB030','SK009')
INSERT INTO [PerfectAnalyst.Require] VALUES ('JS011','JB031','SK009')
INSERT INTO [PerfectAnalyst.Require] VALUES ('JS012','JB032','SK009')
INSERT INTO [PerfectAnalyst.Require] VALUES ('JS013','JB033','SK009')
INSERT INTO [PerfectAnalyst.Require] VALUES ('JS014','JB034','SK009')
INSERT INTO [PerfectAnalyst.Require] VALUES ('JS015','JB035','SK009')
INSERT INTO [PerfectAnalyst.Require] VALUES ('JS001','JB036','SK009')
INSERT INTO [PerfectAnalyst.Require] VALUES ('JS002','JB037','SK009')
INSERT INTO [PerfectAnalyst.Require] VALUES ('JS003','JB038','SK009')
INSERT INTO [PerfectAnalyst.Require] VALUES ('JS004','JB039','SK009')
INSERT INTO [PerfectAnalyst.Require] VALUES ('JS005','JB040','SK009')
INSERT INTO [PerfectAnalyst.Require] VALUES ('JS006','JB001','SK010')
INSERT INTO [PerfectAnalyst.Require] VALUES ('JS007','JB002','SK010')
INSERT INTO [PerfectAnalyst.Require] VALUES ('JS008','JB003','SK010')
INSERT INTO [PerfectAnalyst.Require] VALUES ('JS009','JB004','SK010')
INSERT INTO [PerfectAnalyst.Require] VALUES ('JS010','JB005','SK010')
INSERT INTO [PerfectAnalyst.Require] VALUES ('JS011','JB006','SK010')
INSERT INTO [PerfectAnalyst.Require] VALUES ('JS012','JB007','SK010')
INSERT INTO [PerfectAnalyst.Require] VALUES ('JS013','JB008','SK010')
INSERT INTO [PerfectAnalyst.Require] VALUES ('JS014','JB009','SK010')
INSERT INTO [PerfectAnalyst.Require] VALUES ('JS015','JB010','SK010')
INSERT INTO [PerfectAnalyst.Require] VALUES ('JS001','JB011','SK010')
INSERT INTO [PerfectAnalyst.Require] VALUES ('JS002','JB012','SK010')
INSERT INTO [PerfectAnalyst.Require] VALUES ('JS003','JB013','SK010')
INSERT INTO [PerfectAnalyst.Require] VALUES ('JS004','JB014','SK010')
INSERT INTO [PerfectAnalyst.Require] VALUES ('JS005','JB015','SK010')
INSERT INTO [PerfectAnalyst.Require] VALUES ('JS006','JB001','SK013')
INSERT INTO [PerfectAnalyst.Require] VALUES ('JS007','JB002','SK013')
INSERT INTO [PerfectAnalyst.Require] VALUES ('JS008','JB003','SK013')
INSERT INTO [PerfectAnalyst.Require] VALUES ('JS009','JB004','SK013')
INSERT INTO [PerfectAnalyst.Require] VALUES ('JS010','JB005','SK013')
INSERT INTO [PerfectAnalyst.Require] VALUES ('JS011','JB006','SK013')
INSERT INTO [PerfectAnalyst.Require] VALUES ('JS012','JB007','SK013')
INSERT INTO [PerfectAnalyst.Require] VALUES ('JS013','JB008','SK013')
INSERT INTO [PerfectAnalyst.Require] VALUES ('JS014','JB009','SK013')
INSERT INTO [PerfectAnalyst.Require] VALUES ('JS015','JB010','SK013')
INSERT INTO [PerfectAnalyst.Require] VALUES ('JS001','JB011','SK013')
INSERT INTO [PerfectAnalyst.Require] VALUES ('JS002','JB012','SK013')
INSERT INTO [PerfectAnalyst.Require] VALUES ('JS003','JB013','SK013')
INSERT INTO [PerfectAnalyst.Require] VALUES ('JS004','JB014','SK013')
INSERT INTO [PerfectAnalyst.Require] VALUES ('JS005','JB015','SK013')
INSERT INTO [PerfectAnalyst.Require] VALUES ('JS006','JB016','SK013')
INSERT INTO [PerfectAnalyst.Require] VALUES ('JS007','JB017','SK013')
INSERT INTO [PerfectAnalyst.Require] VALUES ('JS008','JB018','SK013')
INSERT INTO [PerfectAnalyst.Require] VALUES ('JS009','JB019','SK013')
INSERT INTO [PerfectAnalyst.Require] VALUES ('JS010','JB020','SK013')
INSERT INTO [PerfectAnalyst.Require] VALUES ('JS011','JB021','SK013')
INSERT INTO [PerfectAnalyst.Require] VALUES ('JS012','JB022','SK013')
INSERT INTO [PerfectAnalyst.Require] VALUES ('JS013','JB023','SK013')
INSERT INTO [PerfectAnalyst.Require] VALUES ('JS014','JB024','SK013')
INSERT INTO [PerfectAnalyst.Require] VALUES ('JS015','JB025','SK013')
INSERT INTO [PerfectAnalyst.Require] VALUES ('JS001','JB026','SK013')
INSERT INTO [PerfectAnalyst.Require] VALUES ('JS002','JB027','SK013')
INSERT INTO [PerfectAnalyst.Require] VALUES ('JS003','JB028','SK013')
INSERT INTO [PerfectAnalyst.Require] VALUES ('JS004','JB029','SK013')
INSERT INTO [PerfectAnalyst.Require] VALUES ('JS005','JB030','SK013')
INSERT INTO [PerfectAnalyst.Require] VALUES ('JS006','JB031','SK013')
INSERT INTO [PerfectAnalyst.Require] VALUES ('JS007','JB001','SK015')
INSERT INTO [PerfectAnalyst.Require] VALUES ('JS008','JB002','SK015')
INSERT INTO [PerfectAnalyst.Require] VALUES ('JS009','JB003','SK015')
INSERT INTO [PerfectAnalyst.Require] VALUES ('JS010','JB004','SK015')
INSERT INTO [PerfectAnalyst.Require] VALUES ('JS011','JB005','SK015')
INSERT INTO [PerfectAnalyst.Require] VALUES ('JS012','JB006','SK015')
INSERT INTO [PerfectAnalyst.Require] VALUES ('JS013','JB007','SK015')
INSERT INTO [PerfectAnalyst.Require] VALUES ('JS014','JB008','SK015')
INSERT INTO [PerfectAnalyst.Require] VALUES ('JS015','JB009','SK015')
INSERT INTO [PerfectAnalyst.Require] VALUES ('JS001','JB010','SK015')
INSERT INTO [PerfectAnalyst.Require] VALUES ('JS002','JB011','SK015')
INSERT INTO [PerfectAnalyst.Require] VALUES ('JS003','JB012','SK015')
INSERT INTO [PerfectAnalyst.Require] VALUES ('JS004','JB013','SK015')
INSERT INTO [PerfectAnalyst.Require] VALUES ('JS005','JB014','SK015')
INSERT INTO [PerfectAnalyst.Require] VALUES ('JS006','JB015','SK015')
INSERT INTO [PerfectAnalyst.Require] VALUES ('JS007','JB016','SK015')
INSERT INTO [PerfectAnalyst.Require] VALUES ('JS008','JB017','SK015')
INSERT INTO [PerfectAnalyst.Require] VALUES ('JS009','JB018','SK015')
INSERT INTO [PerfectAnalyst.Require] VALUES ('JS010','JB019','SK015')
INSERT INTO [PerfectAnalyst.Require] VALUES ('JS011','JB020','SK015')
INSERT INTO [PerfectAnalyst.Require] VALUES ('JS012','JB021','SK015')
INSERT INTO [PerfectAnalyst.Require] VALUES ('JS013','JB022','SK015')
INSERT INTO [PerfectAnalyst.Require] VALUES ('JS014','JB023','SK015')
INSERT INTO [PerfectAnalyst.Require] VALUES ('JS015','JB024','SK015')
INSERT INTO [PerfectAnalyst.Require] VALUES ('JS001','JB025','SK015')
INSERT INTO [PerfectAnalyst.Require] VALUES ('JS002','JB026','SK015')
INSERT INTO [PerfectAnalyst.Require] VALUES ('JS003','JB027','SK015')
INSERT INTO [PerfectAnalyst.Require] VALUES ('JS004','JB028','SK015')
INSERT INTO [PerfectAnalyst.Require] VALUES ('JS005','JB001','SK016')
INSERT INTO [PerfectAnalyst.Require] VALUES ('JS006','JB002','SK016')
INSERT INTO [PerfectAnalyst.Require] VALUES ('JS007','JB003','SK016')
INSERT INTO [PerfectAnalyst.Require] VALUES ('JS008','JB001','SK017')
INSERT INTO [PerfectAnalyst.Require] VALUES ('JS009','JB002','SK017')
INSERT INTO [PerfectAnalyst.Require] VALUES ('JS010','JB003','SK017')
INSERT INTO [PerfectAnalyst.Require] VALUES ('JS011','JB004','SK017')
INSERT INTO [PerfectAnalyst.Require] VALUES ('JS012','JB005','SK017')
INSERT INTO [PerfectAnalyst.Require] VALUES ('JS013','JB006','SK017')
INSERT INTO [PerfectAnalyst.Require] VALUES ('JS014','JB007','SK017')
INSERT INTO [PerfectAnalyst.Require] VALUES ('JS015','JB008','SK017')
INSERT INTO [PerfectAnalyst.Require] VALUES ('JS001','JB009','SK017')
INSERT INTO [PerfectAnalyst.Require] VALUES ('JS002','JB010','SK017')
INSERT INTO [PerfectAnalyst.Require] VALUES ('JS003','JB011','SK017')
INSERT INTO [PerfectAnalyst.Require] VALUES ('JS004','JB012','SK017')
INSERT INTO [PerfectAnalyst.Require] VALUES ('JS005','JB013','SK017')
INSERT INTO [PerfectAnalyst.Require] VALUES ('JS006','JB014','SK017')
INSERT INTO [PerfectAnalyst.Require] VALUES ('JS007','JB015','SK017')
INSERT INTO [PerfectAnalyst.Require] VALUES ('JS008','JB016','SK017')
INSERT INTO [PerfectAnalyst.Require] VALUES ('JS009','JB017','SK017')
INSERT INTO [PerfectAnalyst.Require] VALUES ('JS010','JB018','SK017')
INSERT INTO [PerfectAnalyst.Require] VALUES ('JS011','JB019','SK017')
INSERT INTO [PerfectAnalyst.Require] VALUES ('JS012','JB020','SK017')
INSERT INTO [PerfectAnalyst.Require] VALUES ('JS013','JB021','SK017')
INSERT INTO [PerfectAnalyst.Require] VALUES ('JS014','JB022','SK017')
INSERT INTO [PerfectAnalyst.Require] VALUES ('JS015','JB023','SK017')
INSERT INTO [PerfectAnalyst.Require] VALUES ('JS001','JB024','SK017')
INSERT INTO [PerfectAnalyst.Require] VALUES ('JS002','JB025','SK017')
INSERT INTO [PerfectAnalyst.Require] VALUES ('JS003','JB026','SK017')
INSERT INTO [PerfectAnalyst.Require] VALUES ('JS004','JB027','SK017')
INSERT INTO [PerfectAnalyst.Require] VALUES ('JS005','JB028','SK017')
INSERT INTO [PerfectAnalyst.Require] VALUES ('JS006','JB029','SK017')
INSERT INTO [PerfectAnalyst.Require] VALUES ('JS007','JB001','SK018')
INSERT INTO [PerfectAnalyst.Require] VALUES ('JS008','JB002','SK018')
INSERT INTO [PerfectAnalyst.Require] VALUES ('JS009','JB003','SK018')
INSERT INTO [PerfectAnalyst.Require] VALUES ('JS010','JB004','SK018')
INSERT INTO [PerfectAnalyst.Require] VALUES ('JS011','JB005','SK018')
INSERT INTO [PerfectAnalyst.Require] VALUES ('JS012','JB006','SK018')
INSERT INTO [PerfectAnalyst.Require] VALUES ('JS013','JB007','SK018')
INSERT INTO [PerfectAnalyst.Require] VALUES ('JS014','JB008','SK018')
INSERT INTO [PerfectAnalyst.Require] VALUES ('JS015','JB009','SK018')
INSERT INTO [PerfectAnalyst.Require] VALUES ('JS001','JB010','SK018')
INSERT INTO [PerfectAnalyst.Require] VALUES ('JS002','JB011','SK018')
INSERT INTO [PerfectAnalyst.Require] VALUES ('JS003','JB012','SK018')
INSERT INTO [PerfectAnalyst.Require] VALUES ('JS004','JB013','SK018')
INSERT INTO [PerfectAnalyst.Require] VALUES ('JS005','JB014','SK018')
INSERT INTO [PerfectAnalyst.Require] VALUES ('JS006','JB015','SK018')
INSERT INTO [PerfectAnalyst.Require] VALUES ('JS007','JB016','SK018')
INSERT INTO [PerfectAnalyst.Require] VALUES ('JS008','JB017','SK018')
INSERT INTO [PerfectAnalyst.Require] VALUES ('JS009','JB018','SK018')
INSERT INTO [PerfectAnalyst.Require] VALUES ('JS010','JB019','SK018')
INSERT INTO [PerfectAnalyst.Require] VALUES ('JS011','JB020','SK018')
INSERT INTO [PerfectAnalyst.Require] VALUES ('JS012','JB021','SK018')
INSERT INTO [PerfectAnalyst.Require] VALUES ('JS013','JB022','SK018')
INSERT INTO [PerfectAnalyst.Require] VALUES ('JS014','JB023','SK018')
INSERT INTO [PerfectAnalyst.Require] VALUES ('JS015','JB024','SK018')
INSERT INTO [PerfectAnalyst.Require] VALUES ('JS001','JB025','SK018')
INSERT INTO [PerfectAnalyst.Require] VALUES ('JS002','JB026','SK018')
INSERT INTO [PerfectAnalyst.Require] VALUES ('JS003','JB027','SK018')
INSERT INTO [PerfectAnalyst.Require] VALUES ('JS004','JB028','SK018')
INSERT INTO [PerfectAnalyst.Require] VALUES ('JS005','JB029','SK018')
INSERT INTO [PerfectAnalyst.Require] VALUES ('JS006','JB030','SK018')
INSERT INTO [PerfectAnalyst.Require] VALUES ('JS007','JB031','SK018')
INSERT INTO [PerfectAnalyst.Require] VALUES ('JS008','JB032','SK018')
INSERT INTO [PerfectAnalyst.Require] VALUES ('JS009','JB033','SK018')
INSERT INTO [PerfectAnalyst.Require] VALUES ('JS010','JB034','SK018')
INSERT INTO [PerfectAnalyst.Require] VALUES ('JS011','JB035','SK018')
INSERT INTO [PerfectAnalyst.Require] VALUES ('JS012','JB036','SK018')
INSERT INTO [PerfectAnalyst.Require] VALUES ('JS013','JB037','SK018')
INSERT INTO [PerfectAnalyst.Require] VALUES ('JS014','JB038','SK018')
INSERT INTO [PerfectAnalyst.Require] VALUES ('JS015','JB039','SK018')
INSERT INTO [PerfectAnalyst.Require] VALUES ('JS001','JB040','SK018')
INSERT INTO [PerfectAnalyst.Require] VALUES ('JS002','JB041','SK018')
INSERT INTO [PerfectAnalyst.Require] VALUES ('JS003','JB042','SK018')
INSERT INTO [PerfectAnalyst.Require] VALUES ('JS004','JB043','SK018')
INSERT INTO [PerfectAnalyst.Require] VALUES ('JS005','JB044','SK018')
INSERT INTO [PerfectAnalyst.Require] VALUES ('JS006','JB045','SK018')
INSERT INTO [PerfectAnalyst.Require] VALUES ('JS007','JB001','SK021')
INSERT INTO [PerfectAnalyst.Require] VALUES ('JS008','JB002','SK021')
INSERT INTO [PerfectAnalyst.Require] VALUES ('JS009','JB003','SK021')
INSERT INTO [PerfectAnalyst.Require] VALUES ('JS010','JB004','SK021')
INSERT INTO [PerfectAnalyst.Require] VALUES ('JS011','JB005','SK021')
INSERT INTO [PerfectAnalyst.Require] VALUES ('JS012','JB006','SK021')
INSERT INTO [PerfectAnalyst.Require] VALUES ('JS013','JB007','SK021')
INSERT INTO [PerfectAnalyst.Require] VALUES ('JS014','JB008','SK021')
INSERT INTO [PerfectAnalyst.Require] VALUES ('JS015','JB009','SK021')
INSERT INTO [PerfectAnalyst.Require] VALUES ('JS001','JB010','SK021')
INSERT INTO [PerfectAnalyst.Require] VALUES ('JS002','JB011','SK021')
INSERT INTO [PerfectAnalyst.Require] VALUES ('JS003','JB012','SK021')
INSERT INTO [PerfectAnalyst.Require] VALUES ('JS004','JB013','SK021')
INSERT INTO [PerfectAnalyst.Require] VALUES ('JS005','JB001','SK022')
INSERT INTO [PerfectAnalyst.Require] VALUES ('JS006','JB002','SK022')
INSERT INTO [PerfectAnalyst.Require] VALUES ('JS007','JB003','SK022')
INSERT INTO [PerfectAnalyst.Require] VALUES ('JS008','JB004','SK022')
INSERT INTO [PerfectAnalyst.Require] VALUES ('JS009','JB005','SK022')
INSERT INTO [PerfectAnalyst.Require] VALUES ('JS010','JB006','SK022')
INSERT INTO [PerfectAnalyst.Require] VALUES ('JS011','JB001','SK023')
INSERT INTO [PerfectAnalyst.Require] VALUES ('JS012','JB002','SK023')
INSERT INTO [PerfectAnalyst.Require] VALUES ('JS013','JB003','SK023')
INSERT INTO [PerfectAnalyst.Require] VALUES ('JS014','JB004','SK023')
INSERT INTO [PerfectAnalyst.Require] VALUES ('JS015','JB005','SK023')
INSERT INTO [PerfectAnalyst.Require] VALUES ('JS001','JB006','SK023')
INSERT INTO [PerfectAnalyst.Require] VALUES ('JS002','JB007','SK023')
INSERT INTO [PerfectAnalyst.Require] VALUES ('JS003','JB008','SK023')
INSERT INTO [PerfectAnalyst.Require] VALUES ('JS004','JB009','SK023')
INSERT INTO [PerfectAnalyst.Require] VALUES ('JS005','JB010','SK023')
INSERT INTO [PerfectAnalyst.Require] VALUES ('JS006','JB011','SK023')
INSERT INTO [PerfectAnalyst.Require] VALUES ('JS007','JB012','SK023')
INSERT INTO [PerfectAnalyst.Require] VALUES ('JS008','JB013','SK023')
INSERT INTO [PerfectAnalyst.Require] VALUES ('JS009','JB014','SK023')
INSERT INTO [PerfectAnalyst.Require] VALUES ('JS010','JB015','SK023')
INSERT INTO [PerfectAnalyst.Require] VALUES ('JS011','JB016','SK023')
INSERT INTO [PerfectAnalyst.Require] VALUES ('JS012','JB001','SK024')
INSERT INTO [PerfectAnalyst.Require] VALUES ('JS013','JB002','SK024')
INSERT INTO [PerfectAnalyst.Require] VALUES ('JS014','JB003','SK024')
INSERT INTO [PerfectAnalyst.Require] VALUES ('JS015','JB004','SK024')
INSERT INTO [PerfectAnalyst.Require] VALUES ('JS001','JB005','SK024')
INSERT INTO [PerfectAnalyst.Require] VALUES ('JS002','JB006','SK024')
INSERT INTO [PerfectAnalyst.Require] VALUES ('JS003','JB007','SK024')
INSERT INTO [PerfectAnalyst.Require] VALUES ('JS004','JB008','SK024')
INSERT INTO [PerfectAnalyst.Require] VALUES ('JS005','JB009','SK024')
INSERT INTO [PerfectAnalyst.Require] VALUES ('JS006','JB010','SK024')
INSERT INTO [PerfectAnalyst.Require] VALUES ('JS007','JB011','SK024')
INSERT INTO [PerfectAnalyst.Require] VALUES ('JS008','JB012','SK024')
INSERT INTO [PerfectAnalyst.Require] VALUES ('JS009','JB013','SK024')
INSERT INTO [PerfectAnalyst.Require] VALUES ('JS010','JB014','SK024')
INSERT INTO [PerfectAnalyst.Require] VALUES ('JS011','JB015','SK024')
INSERT INTO [PerfectAnalyst.Require] VALUES ('JS012','JB016','SK024')
INSERT INTO [PerfectAnalyst.Require] VALUES ('JS013','JB017','SK024')
INSERT INTO [PerfectAnalyst.Require] VALUES ('JS014','JB018','SK024')
INSERT INTO [PerfectAnalyst.Require] VALUES ('JS015','JB019','SK024')
INSERT INTO [PerfectAnalyst.Require] VALUES ('JS001','JB020','SK024')
INSERT INTO [PerfectAnalyst.Require] VALUES ('JS002','JB021','SK024')
INSERT INTO [PerfectAnalyst.Require] VALUES ('JS003','JB022','SK024')
INSERT INTO [PerfectAnalyst.Require] VALUES ('JS004','JB023','SK024')
INSERT INTO [PerfectAnalyst.Require] VALUES ('JS005','JB024','SK024')
INSERT INTO [PerfectAnalyst.Require] VALUES ('JS006','JB025','SK024')
INSERT INTO [PerfectAnalyst.Require] VALUES ('JS007','JB026','SK024')
INSERT INTO [PerfectAnalyst.Require] VALUES ('JS008','JB027','SK024')
INSERT INTO [PerfectAnalyst.Require] VALUES ('JS009','JB028','SK024')
INSERT INTO [PerfectAnalyst.Require] VALUES ('JS010','JB029','SK024')
INSERT INTO [PerfectAnalyst.Require] VALUES ('JS011','JB030','SK024')
INSERT INTO [PerfectAnalyst.Require] VALUES ('JS012','JB031','SK024')
INSERT INTO [PerfectAnalyst.Require] VALUES ('JS013','JB032','SK024')
INSERT INTO [PerfectAnalyst.Require] VALUES ('JS014','JB033','SK024')
INSERT INTO [PerfectAnalyst.Require] VALUES ('JS015','JB034','SK024')
INSERT INTO [PerfectAnalyst.Require] VALUES ('JS001','JB035','SK024')
INSERT INTO [PerfectAnalyst.Require] VALUES ('JS002','JB036','SK024')
INSERT INTO [PerfectAnalyst.Require] VALUES ('JS003','JB001','SK025')
INSERT INTO [PerfectAnalyst.Require] VALUES ('JS004','JB002','SK025')
INSERT INTO [PerfectAnalyst.Require] VALUES ('JS005','JB003','SK025')
INSERT INTO [PerfectAnalyst.Require] VALUES ('JS006','JB004','SK025')
INSERT INTO [PerfectAnalyst.Require] VALUES ('JS007','JB005','SK025')
INSERT INTO [PerfectAnalyst.Require] VALUES ('JS008','JB006','SK025')
INSERT INTO [PerfectAnalyst.Require] VALUES ('JS009','JB007','SK025')
INSERT INTO [PerfectAnalyst.Require] VALUES ('JS010','JB008','SK025')
INSERT INTO [PerfectAnalyst.Require] VALUES ('JS011','JB009','SK025')
INSERT INTO [PerfectAnalyst.Require] VALUES ('JS012','JB010','SK025')
INSERT INTO [PerfectAnalyst.Require] VALUES ('JS013','JB011','SK025')
INSERT INTO [PerfectAnalyst.Require] VALUES ('JS014','JB012','SK025')
INSERT INTO [PerfectAnalyst.Require] VALUES ('JS015','JB013','SK025')
INSERT INTO [PerfectAnalyst.Require] VALUES ('JS001','JB014','SK025')
INSERT INTO [PerfectAnalyst.Require] VALUES ('JS002','JB015','SK025')
INSERT INTO [PerfectAnalyst.Require] VALUES ('JS003','JB016','SK025')
INSERT INTO [PerfectAnalyst.Require] VALUES ('JS004','JB017','SK025')
INSERT INTO [PerfectAnalyst.Require] VALUES ('JS005','JB018','SK025')
INSERT INTO [PerfectAnalyst.Require] VALUES ('JS006','JB019','SK025')
INSERT INTO [PerfectAnalyst.Require] VALUES ('JS007','JB020','SK025')
INSERT INTO [PerfectAnalyst.Require] VALUES ('JS008','JB021','SK025')
INSERT INTO [PerfectAnalyst.Require] VALUES ('JS001','JB101','SK001')
INSERT INTO [PerfectAnalyst.Require] VALUES ('JS002','JB102','SK001')
INSERT INTO [PerfectAnalyst.Require] VALUES ('JS003','JB103','SK001')
INSERT INTO [PerfectAnalyst.Require] VALUES ('JS004','JB104','SK001')
INSERT INTO [PerfectAnalyst.Require] VALUES ('JS005','JB105','SK001')
INSERT INTO [PerfectAnalyst.Require] VALUES ('JS006','JB106','SK002')
INSERT INTO [PerfectAnalyst.Require] VALUES ('JS007','JB107','SK002')
INSERT INTO [PerfectAnalyst.Require] VALUES ('JS008','JB108','SK002')
INSERT INTO [PerfectAnalyst.Require] VALUES ('JS009','JB101','SK003')
INSERT INTO [PerfectAnalyst.Require] VALUES ('JS010','JB102','SK003')
INSERT INTO [PerfectAnalyst.Require] VALUES ('JS011','JB103','SK003')
INSERT INTO [PerfectAnalyst.Require] VALUES ('JS012','JB104','SK003')
INSERT INTO [PerfectAnalyst.Require] VALUES ('JS013','JB105','SK003')
INSERT INTO [PerfectAnalyst.Require] VALUES ('JS014','JB106','SK003')
INSERT INTO [PerfectAnalyst.Require] VALUES ('JS015','JB107','SK003')
INSERT INTO [PerfectAnalyst.Require] VALUES ('JS001','JB108','SK003')
INSERT INTO [PerfectAnalyst.Require] VALUES ('JS002','JB109','SK003')
INSERT INTO [PerfectAnalyst.Require] VALUES ('JS003','JB110','SK003')
INSERT INTO [PerfectAnalyst.Require] VALUES ('JS004','JB111','SK003')
INSERT INTO [PerfectAnalyst.Require] VALUES ('JS005','JB112','SK003')
INSERT INTO [PerfectAnalyst.Require] VALUES ('JS006','JB113','SK003')
INSERT INTO [PerfectAnalyst.Require] VALUES ('JS007','JB114','SK003')
INSERT INTO [PerfectAnalyst.Require] VALUES ('JS008','JB115','SK003')
INSERT INTO [PerfectAnalyst.Require] VALUES ('JS009','JB116','SK003')
INSERT INTO [PerfectAnalyst.Require] VALUES ('JS010','JB117','SK003')
INSERT INTO [PerfectAnalyst.Require] VALUES ('JS011','JB118','SK003')
INSERT INTO [PerfectAnalyst.Require] VALUES ('JS012','JB119','SK003')
INSERT INTO [PerfectAnalyst.Require] VALUES ('JS013','JB120','SK003')
INSERT INTO [PerfectAnalyst.Require] VALUES ('JS014','JB121','SK003')
INSERT INTO [PerfectAnalyst.Require] VALUES ('JS015','JB122','SK003')
INSERT INTO [PerfectAnalyst.Require] VALUES ('JS001','JB123','SK003')
INSERT INTO [PerfectAnalyst.Require] VALUES ('JS002','JB124','SK003')
INSERT INTO [PerfectAnalyst.Require] VALUES ('JS003','JB125','SK003')
INSERT INTO [PerfectAnalyst.Require] VALUES ('JS004','JB126','SK003')
INSERT INTO [PerfectAnalyst.Require] VALUES ('JS005','JB127','SK003')
INSERT INTO [PerfectAnalyst.Require] VALUES ('JS006','JB128','SK003')
INSERT INTO [PerfectAnalyst.Require] VALUES ('JS007','JB129','SK003')
INSERT INTO [PerfectAnalyst.Require] VALUES ('JS008','JB130','SK003')
INSERT INTO [PerfectAnalyst.Require] VALUES ('JS009','JB131','SK003')
INSERT INTO [PerfectAnalyst.Require] VALUES ('JS010','JB132','SK003')
INSERT INTO [PerfectAnalyst.Require] VALUES ('JS011','JB133','SK003')
INSERT INTO [PerfectAnalyst.Require] VALUES ('JS012','JB134','SK003')
INSERT INTO [PerfectAnalyst.Require] VALUES ('JS013','JB135','SK003')
INSERT INTO [PerfectAnalyst.Require] VALUES ('JS014','JB136','SK003')
INSERT INTO [PerfectAnalyst.Require] VALUES ('JS015','JB137','SK003')
INSERT INTO [PerfectAnalyst.Require] VALUES ('JS001','JB138','SK003')
INSERT INTO [PerfectAnalyst.Require] VALUES ('JS002','JB139','SK003')
INSERT INTO [PerfectAnalyst.Require] VALUES ('JS003','JB140','SK003')
INSERT INTO [PerfectAnalyst.Require] VALUES ('JS004','JB101','SK005')
INSERT INTO [PerfectAnalyst.Require] VALUES ('JS005','JB102','SK005')
INSERT INTO [PerfectAnalyst.Require] VALUES ('JS006','JB103','SK005')
INSERT INTO [PerfectAnalyst.Require] VALUES ('JS007','JB104','SK005')
INSERT INTO [PerfectAnalyst.Require] VALUES ('JS008','JB101','SK006')
INSERT INTO [PerfectAnalyst.Require] VALUES ('JS009','JB102','SK006')
INSERT INTO [PerfectAnalyst.Require] VALUES ('JS010','JB103','SK006')
INSERT INTO [PerfectAnalyst.Require] VALUES ('JS011','JB104','SK006')
INSERT INTO [PerfectAnalyst.Require] VALUES ('JS012','JB105','SK006')
INSERT INTO [PerfectAnalyst.Require] VALUES ('JS013','JB106','SK006')
INSERT INTO [PerfectAnalyst.Require] VALUES ('JS014','JB107','SK006')
INSERT INTO [PerfectAnalyst.Require] VALUES ('JS015','JB108','SK006')
INSERT INTO [PerfectAnalyst.Require] VALUES ('JS001','JB109','SK006')
INSERT INTO [PerfectAnalyst.Require] VALUES ('JS002','JB110','SK006')
INSERT INTO [PerfectAnalyst.Require] VALUES ('JS003','JB111','SK006')
INSERT INTO [PerfectAnalyst.Require] VALUES ('JS004','JB112','SK006')
INSERT INTO [PerfectAnalyst.Require] VALUES ('JS005','JB113','SK006')
INSERT INTO [PerfectAnalyst.Require] VALUES ('JS006','JB114','SK006')
INSERT INTO [PerfectAnalyst.Require] VALUES ('JS007','JB115','SK006')
INSERT INTO [PerfectAnalyst.Require] VALUES ('JS008','JB116','SK006')
INSERT INTO [PerfectAnalyst.Require] VALUES ('JS009','JB117','SK006')
INSERT INTO [PerfectAnalyst.Require] VALUES ('JS010','JB118','SK006')
INSERT INTO [PerfectAnalyst.Require] VALUES ('JS011','JB119','SK006')
INSERT INTO [PerfectAnalyst.Require] VALUES ('JS012','JB120','SK006')
INSERT INTO [PerfectAnalyst.Require] VALUES ('JS013','JB121','SK006')
INSERT INTO [PerfectAnalyst.Require] VALUES ('JS014','JB122','SK006')
INSERT INTO [PerfectAnalyst.Require] VALUES ('JS015','JB123','SK006')
INSERT INTO [PerfectAnalyst.Require] VALUES ('JS001','JB124','SK006')
INSERT INTO [PerfectAnalyst.Require] VALUES ('JS002','JB125','SK006')
INSERT INTO [PerfectAnalyst.Require] VALUES ('JS003','JB126','SK006')
INSERT INTO [PerfectAnalyst.Require] VALUES ('JS004','JB127','SK006')
INSERT INTO [PerfectAnalyst.Require] VALUES ('JS005','JB128','SK006')
INSERT INTO [PerfectAnalyst.Require] VALUES ('JS006','JB129','SK006')
INSERT INTO [PerfectAnalyst.Require] VALUES ('JS007','JB130','SK006')
INSERT INTO [PerfectAnalyst.Require] VALUES ('JS008','JB131','SK006')
INSERT INTO [PerfectAnalyst.Require] VALUES ('JS009','JB132','SK006')
INSERT INTO [PerfectAnalyst.Require] VALUES ('JS010','JB133','SK006')
INSERT INTO [PerfectAnalyst.Require] VALUES ('JS011','JB134','SK006')
INSERT INTO [PerfectAnalyst.Require] VALUES ('JS012','JB135','SK006')
INSERT INTO [PerfectAnalyst.Require] VALUES ('JS013','JB136','SK006')
INSERT INTO [PerfectAnalyst.Require] VALUES ('JS014','JB137','SK006')
INSERT INTO [PerfectAnalyst.Require] VALUES ('JS015','JB138','SK006')
INSERT INTO [PerfectAnalyst.Require] VALUES ('JS001','JB101','SK007')
INSERT INTO [PerfectAnalyst.Require] VALUES ('JS002','JB102','SK007')
INSERT INTO [PerfectAnalyst.Require] VALUES ('JS003','JB103','SK007')
INSERT INTO [PerfectAnalyst.Require] VALUES ('JS004','JB104','SK007')
INSERT INTO [PerfectAnalyst.Require] VALUES ('JS005','JB105','SK007')
INSERT INTO [PerfectAnalyst.Require] VALUES ('JS006','JB106','SK007')
INSERT INTO [PerfectAnalyst.Require] VALUES ('JS007','JB107','SK007')
INSERT INTO [PerfectAnalyst.Require] VALUES ('JS008','JB108','SK007')
INSERT INTO [PerfectAnalyst.Require] VALUES ('JS009','JB109','SK007')
INSERT INTO [PerfectAnalyst.Require] VALUES ('JS010','JB110','SK007')
INSERT INTO [PerfectAnalyst.Require] VALUES ('JS011','JB111','SK007')
INSERT INTO [PerfectAnalyst.Require] VALUES ('JS012','JB112','SK007')
INSERT INTO [PerfectAnalyst.Require] VALUES ('JS013','JB113','SK007')
INSERT INTO [PerfectAnalyst.Require] VALUES ('JS014','JB114','SK007')
INSERT INTO [PerfectAnalyst.Require] VALUES ('JS015','JB115','SK007')
INSERT INTO [PerfectAnalyst.Require] VALUES ('JS001','JB116','SK007')
INSERT INTO [PerfectAnalyst.Require] VALUES ('JS002','JB117','SK007')
INSERT INTO [PerfectAnalyst.Require] VALUES ('JS003','JB118','SK007')
INSERT INTO [PerfectAnalyst.Require] VALUES ('JS004','JB119','SK007')
INSERT INTO [PerfectAnalyst.Require] VALUES ('JS005','JB120','SK007')
INSERT INTO [PerfectAnalyst.Require] VALUES ('JS006','JB121','SK007')
INSERT INTO [PerfectAnalyst.Require] VALUES ('JS007','JB122','SK007')
INSERT INTO [PerfectAnalyst.Require] VALUES ('JS008','JB123','SK007')
INSERT INTO [PerfectAnalyst.Require] VALUES ('JS009','JB124','SK007')
INSERT INTO [PerfectAnalyst.Require] VALUES ('JS010','JB125','SK007')
INSERT INTO [PerfectAnalyst.Require] VALUES ('JS011','JB126','SK007')
INSERT INTO [PerfectAnalyst.Require] VALUES ('JS012','JB127','SK007')
INSERT INTO [PerfectAnalyst.Require] VALUES ('JS013','JB128','SK007')
INSERT INTO [PerfectAnalyst.Require] VALUES ('JS014','JB129','SK007')
INSERT INTO [PerfectAnalyst.Require] VALUES ('JS015','JB130','SK007')
INSERT INTO [PerfectAnalyst.Require] VALUES ('JS001','JB131','SK007')
INSERT INTO [PerfectAnalyst.Require] VALUES ('JS002','JB132','SK007')
INSERT INTO [PerfectAnalyst.Require] VALUES ('JS003','JB133','SK007')
INSERT INTO [PerfectAnalyst.Require] VALUES ('JS004','JB134','SK007')
INSERT INTO [PerfectAnalyst.Require] VALUES ('JS005','JB135','SK007')
INSERT INTO [PerfectAnalyst.Require] VALUES ('JS006','JB136','SK007')
INSERT INTO [PerfectAnalyst.Require] VALUES ('JS007','JB137','SK007')
INSERT INTO [PerfectAnalyst.Require] VALUES ('JS008','JB138','SK007')
INSERT INTO [PerfectAnalyst.Require] VALUES ('JS009','JB139','SK007')
INSERT INTO [PerfectAnalyst.Require] VALUES ('JS010','JB140','SK007')
INSERT INTO [PerfectAnalyst.Require] VALUES ('JS011','JB141','SK007')
INSERT INTO [PerfectAnalyst.Require] VALUES ('JS012','JB142','SK007')
INSERT INTO [PerfectAnalyst.Require] VALUES ('JS013','JB143','SK007')
INSERT INTO [PerfectAnalyst.Require] VALUES ('JS014','JB144','SK007')
INSERT INTO [PerfectAnalyst.Require] VALUES ('JS015','JB145','SK007')
INSERT INTO [PerfectAnalyst.Require] VALUES ('JS001','JB101','SK008')
INSERT INTO [PerfectAnalyst.Require] VALUES ('JS002','JB102','SK008')
INSERT INTO [PerfectAnalyst.Require] VALUES ('JS003','JB103','SK008')
INSERT INTO [PerfectAnalyst.Require] VALUES ('JS004','JB104','SK008')
INSERT INTO [PerfectAnalyst.Require] VALUES ('JS005','JB105','SK008')
INSERT INTO [PerfectAnalyst.Require] VALUES ('JS006','JB106','SK008')
INSERT INTO [PerfectAnalyst.Require] VALUES ('JS007','JB107','SK008')
INSERT INTO [PerfectAnalyst.Require] VALUES ('JS008','JB108','SK008')
INSERT INTO [PerfectAnalyst.Require] VALUES ('JS009','JB109','SK008')
INSERT INTO [PerfectAnalyst.Require] VALUES ('JS010','JB110','SK008')
INSERT INTO [PerfectAnalyst.Require] VALUES ('JS011','JB101','SK009')
INSERT INTO [PerfectAnalyst.Require] VALUES ('JS012','JB102','SK009')
INSERT INTO [PerfectAnalyst.Require] VALUES ('JS013','JB103','SK009')
INSERT INTO [PerfectAnalyst.Require] VALUES ('JS014','JB104','SK009')
INSERT INTO [PerfectAnalyst.Require] VALUES ('JS015','JB105','SK009')
INSERT INTO [PerfectAnalyst.Require] VALUES ('JS001','JB106','SK009')
INSERT INTO [PerfectAnalyst.Require] VALUES ('JS002','JB107','SK009')
INSERT INTO [PerfectAnalyst.Require] VALUES ('JS003','JB108','SK009')
INSERT INTO [PerfectAnalyst.Require] VALUES ('JS004','JB109','SK009')
INSERT INTO [PerfectAnalyst.Require] VALUES ('JS005','JB110','SK009')
INSERT INTO [PerfectAnalyst.Require] VALUES ('JS006','JB111','SK009')
INSERT INTO [PerfectAnalyst.Require] VALUES ('JS007','JB112','SK009')
INSERT INTO [PerfectAnalyst.Require] VALUES ('JS008','JB113','SK009')
INSERT INTO [PerfectAnalyst.Require] VALUES ('JS009','JB114','SK009')
INSERT INTO [PerfectAnalyst.Require] VALUES ('JS010','JB115','SK009')
INSERT INTO [PerfectAnalyst.Require] VALUES ('JS011','JB116','SK009')
INSERT INTO [PerfectAnalyst.Require] VALUES ('JS012','JB117','SK009')
INSERT INTO [PerfectAnalyst.Require] VALUES ('JS013','JB118','SK009')
INSERT INTO [PerfectAnalyst.Require] VALUES ('JS014','JB119','SK009')
INSERT INTO [PerfectAnalyst.Require] VALUES ('JS015','JB120','SK009')
INSERT INTO [PerfectAnalyst.Require] VALUES ('JS001','JB121','SK009')
INSERT INTO [PerfectAnalyst.Require] VALUES ('JS002','JB122','SK009')
INSERT INTO [PerfectAnalyst.Require] VALUES ('JS003','JB123','SK009')
INSERT INTO [PerfectAnalyst.Require] VALUES ('JS004','JB124','SK009')
INSERT INTO [PerfectAnalyst.Require] VALUES ('JS005','JB125','SK009')
INSERT INTO [PerfectAnalyst.Require] VALUES ('JS006','JB126','SK009')
INSERT INTO [PerfectAnalyst.Require] VALUES ('JS007','JB127','SK009')
INSERT INTO [PerfectAnalyst.Require] VALUES ('JS008','JB128','SK009')
INSERT INTO [PerfectAnalyst.Require] VALUES ('JS009','JB129','SK009')
INSERT INTO [PerfectAnalyst.Require] VALUES ('JS010','JB130','SK009')
INSERT INTO [PerfectAnalyst.Require] VALUES ('JS011','JB101','SK010')
INSERT INTO [PerfectAnalyst.Require] VALUES ('JS012','JB102','SK010')
INSERT INTO [PerfectAnalyst.Require] VALUES ('JS013','JB103','SK010')
INSERT INTO [PerfectAnalyst.Require] VALUES ('JS014','JB104','SK010')
INSERT INTO [PerfectAnalyst.Require] VALUES ('JS015','JB105','SK010')
INSERT INTO [PerfectAnalyst.Require] VALUES ('JS001','JB106','SK010')
INSERT INTO [PerfectAnalyst.Require] VALUES ('JS002','JB107','SK010')
INSERT INTO [PerfectAnalyst.Require] VALUES ('JS003','JB108','SK010')
INSERT INTO [PerfectAnalyst.Require] VALUES ('JS004','JB109','SK010')
INSERT INTO [PerfectAnalyst.Require] VALUES ('JS005','JB110','SK010')
INSERT INTO [PerfectAnalyst.Require] VALUES ('JS006','JB111','SK010')
INSERT INTO [PerfectAnalyst.Require] VALUES ('JS007','JB112','SK010')
INSERT INTO [PerfectAnalyst.Require] VALUES ('JS008','JB113','SK010')
INSERT INTO [PerfectAnalyst.Require] VALUES ('JS009','JB114','SK010')
INSERT INTO [PerfectAnalyst.Require] VALUES ('JS010','JB115','SK010')
INSERT INTO [PerfectAnalyst.Require] VALUES ('JS011','JB116','SK010')
INSERT INTO [PerfectAnalyst.Require] VALUES ('JS012','JB117','SK010')
INSERT INTO [PerfectAnalyst.Require] VALUES ('JS013','JB118','SK010')
INSERT INTO [PerfectAnalyst.Require] VALUES ('JS014','JB119','SK010')
INSERT INTO [PerfectAnalyst.Require] VALUES ('JS015','JB120','SK010')
INSERT INTO [PerfectAnalyst.Require] VALUES ('JS001','JB121','SK010')
INSERT INTO [PerfectAnalyst.Require] VALUES ('JS002','JB122','SK010')
INSERT INTO [PerfectAnalyst.Require] VALUES ('JS003','JB123','SK010')
INSERT INTO [PerfectAnalyst.Require] VALUES ('JS004','JB124','SK010')
INSERT INTO [PerfectAnalyst.Require] VALUES ('JS005','JB125','SK010')
INSERT INTO [PerfectAnalyst.Require] VALUES ('JS006','JB126','SK010')
INSERT INTO [PerfectAnalyst.Require] VALUES ('JS007','JB127','SK010')
INSERT INTO [PerfectAnalyst.Require] VALUES ('JS008','JB128','SK010')
INSERT INTO [PerfectAnalyst.Require] VALUES ('JS009','JB129','SK010')
INSERT INTO [PerfectAnalyst.Require] VALUES ('JS010','JB130','SK010')
INSERT INTO [PerfectAnalyst.Require] VALUES ('JS011','JB131','SK010')
INSERT INTO [PerfectAnalyst.Require] VALUES ('JS012','JB132','SK010')
INSERT INTO [PerfectAnalyst.Require] VALUES ('JS013','JB133','SK010')
INSERT INTO [PerfectAnalyst.Require] VALUES ('JS014','JB134','SK010')
INSERT INTO [PerfectAnalyst.Require] VALUES ('JS015','JB135','SK010')
INSERT INTO [PerfectAnalyst.Require] VALUES ('JS001','JB136','SK010')
INSERT INTO [PerfectAnalyst.Require] VALUES ('JS002','JB137','SK010')
INSERT INTO [PerfectAnalyst.Require] VALUES ('JS003','JB138','SK010')
INSERT INTO [PerfectAnalyst.Require] VALUES ('JS004','JB139','SK010')
INSERT INTO [PerfectAnalyst.Require] VALUES ('JS005','JB140','SK010')
INSERT INTO [PerfectAnalyst.Require] VALUES ('JS006','JB141','SK010')
INSERT INTO [PerfectAnalyst.Require] VALUES ('JS007','JB142','SK010')
INSERT INTO [PerfectAnalyst.Require] VALUES ('JS008','JB143','SK010')
INSERT INTO [PerfectAnalyst.Require] VALUES ('JS009','JB144','SK010')
INSERT INTO [PerfectAnalyst.Require] VALUES ('JS010','JB145','SK010')
INSERT INTO [PerfectAnalyst.Require] VALUES ('JS011','JB146','SK010')
INSERT INTO [PerfectAnalyst.Require] VALUES ('JS012','JB147','SK010')
INSERT INTO [PerfectAnalyst.Require] VALUES ('JS013','JB148','SK010')
INSERT INTO [PerfectAnalyst.Require] VALUES ('JS014','JB101','SK013')
INSERT INTO [PerfectAnalyst.Require] VALUES ('JS015','JB102','SK013')
INSERT INTO [PerfectAnalyst.Require] VALUES ('JS001','JB103','SK013')
INSERT INTO [PerfectAnalyst.Require] VALUES ('JS002','JB104','SK013')
INSERT INTO [PerfectAnalyst.Require] VALUES ('JS003','JB105','SK013')
INSERT INTO [PerfectAnalyst.Require] VALUES ('JS004','JB106','SK013')
INSERT INTO [PerfectAnalyst.Require] VALUES ('JS005','JB107','SK013')
INSERT INTO [PerfectAnalyst.Require] VALUES ('JS006','JB108','SK013')
INSERT INTO [PerfectAnalyst.Require] VALUES ('JS007','JB109','SK013')
INSERT INTO [PerfectAnalyst.Require] VALUES ('JS008','JB110','SK013')
INSERT INTO [PerfectAnalyst.Require] VALUES ('JS009','JB111','SK013')
INSERT INTO [PerfectAnalyst.Require] VALUES ('JS010','JB112','SK013')
INSERT INTO [PerfectAnalyst.Require] VALUES ('JS011','JB113','SK013')
INSERT INTO [PerfectAnalyst.Require] VALUES ('JS012','JB114','SK013')
INSERT INTO [PerfectAnalyst.Require] VALUES ('JS013','JB115','SK013')
INSERT INTO [PerfectAnalyst.Require] VALUES ('JS014','JB116','SK013')
INSERT INTO [PerfectAnalyst.Require] VALUES ('JS015','JB117','SK013')
INSERT INTO [PerfectAnalyst.Require] VALUES ('JS001','JB101','SK014')
INSERT INTO [PerfectAnalyst.Require] VALUES ('JS002','JB102','SK014')
INSERT INTO [PerfectAnalyst.Require] VALUES ('JS003','JB103','SK014')
INSERT INTO [PerfectAnalyst.Require] VALUES ('JS004','JB101','SK015')
INSERT INTO [PerfectAnalyst.Require] VALUES ('JS005','JB102','SK015')
INSERT INTO [PerfectAnalyst.Require] VALUES ('JS006','JB103','SK015')
INSERT INTO [PerfectAnalyst.Require] VALUES ('JS007','JB104','SK015')
INSERT INTO [PerfectAnalyst.Require] VALUES ('JS008','JB105','SK015')
INSERT INTO [PerfectAnalyst.Require] VALUES ('JS009','JB106','SK015')
INSERT INTO [PerfectAnalyst.Require] VALUES ('JS010','JB107','SK015')
INSERT INTO [PerfectAnalyst.Require] VALUES ('JS011','JB108','SK015')
INSERT INTO [PerfectAnalyst.Require] VALUES ('JS012','JB109','SK015')
INSERT INTO [PerfectAnalyst.Require] VALUES ('JS013','JB110','SK015')
INSERT INTO [PerfectAnalyst.Require] VALUES ('JS014','JB111','SK015')
INSERT INTO [PerfectAnalyst.Require] VALUES ('JS015','JB112','SK015')
INSERT INTO [PerfectAnalyst.Require] VALUES ('JS001','JB113','SK015')
INSERT INTO [PerfectAnalyst.Require] VALUES ('JS002','JB114','SK015')
INSERT INTO [PerfectAnalyst.Require] VALUES ('JS003','JB115','SK015')
INSERT INTO [PerfectAnalyst.Require] VALUES ('JS004','JB116','SK015')
INSERT INTO [PerfectAnalyst.Require] VALUES ('JS005','JB101','SK017')
INSERT INTO [PerfectAnalyst.Require] VALUES ('JS006','JB102','SK017')
INSERT INTO [PerfectAnalyst.Require] VALUES ('JS007','JB103','SK017')
INSERT INTO [PerfectAnalyst.Require] VALUES ('JS008','JB104','SK017')
INSERT INTO [PerfectAnalyst.Require] VALUES ('JS009','JB105','SK017')
INSERT INTO [PerfectAnalyst.Require] VALUES ('JS010','JB106','SK017')
INSERT INTO [PerfectAnalyst.Require] VALUES ('JS011','JB107','SK017')
INSERT INTO [PerfectAnalyst.Require] VALUES ('JS012','JB108','SK017')
INSERT INTO [PerfectAnalyst.Require] VALUES ('JS013','JB109','SK017')
INSERT INTO [PerfectAnalyst.Require] VALUES ('JS014','JB110','SK017')
INSERT INTO [PerfectAnalyst.Require] VALUES ('JS015','JB111','SK017')
INSERT INTO [PerfectAnalyst.Require] VALUES ('JS001','JB112','SK017')
INSERT INTO [PerfectAnalyst.Require] VALUES ('JS002','JB113','SK017')
INSERT INTO [PerfectAnalyst.Require] VALUES ('JS003','JB114','SK017')
INSERT INTO [PerfectAnalyst.Require] VALUES ('JS004','JB115','SK017')
INSERT INTO [PerfectAnalyst.Require] VALUES ('JS005','JB116','SK017')
INSERT INTO [PerfectAnalyst.Require] VALUES ('JS006','JB117','SK017')
INSERT INTO [PerfectAnalyst.Require] VALUES ('JS007','JB118','SK017')
INSERT INTO [PerfectAnalyst.Require] VALUES ('JS008','JB119','SK017')
INSERT INTO [PerfectAnalyst.Require] VALUES ('JS009','JB120','SK017')
INSERT INTO [PerfectAnalyst.Require] VALUES ('JS010','JB121','SK017')
INSERT INTO [PerfectAnalyst.Require] VALUES ('JS011','JB101','SK018')
INSERT INTO [PerfectAnalyst.Require] VALUES ('JS012','JB102','SK018')
INSERT INTO [PerfectAnalyst.Require] VALUES ('JS013','JB103','SK018')
INSERT INTO [PerfectAnalyst.Require] VALUES ('JS014','JB104','SK018')
INSERT INTO [PerfectAnalyst.Require] VALUES ('JS015','JB105','SK018')
INSERT INTO [PerfectAnalyst.Require] VALUES ('JS001','JB106','SK018')
INSERT INTO [PerfectAnalyst.Require] VALUES ('JS002','JB107','SK018')
INSERT INTO [PerfectAnalyst.Require] VALUES ('JS003','JB108','SK018')
INSERT INTO [PerfectAnalyst.Require] VALUES ('JS004','JB109','SK018')
INSERT INTO [PerfectAnalyst.Require] VALUES ('JS005','JB110','SK018')
INSERT INTO [PerfectAnalyst.Require] VALUES ('JS006','JB111','SK018')
INSERT INTO [PerfectAnalyst.Require] VALUES ('JS007','JB112','SK018')
INSERT INTO [PerfectAnalyst.Require] VALUES ('JS008','JB113','SK018')
INSERT INTO [PerfectAnalyst.Require] VALUES ('JS009','JB114','SK018')
INSERT INTO [PerfectAnalyst.Require] VALUES ('JS010','JB115','SK018')
INSERT INTO [PerfectAnalyst.Require] VALUES ('JS011','JB116','SK018')
INSERT INTO [PerfectAnalyst.Require] VALUES ('JS012','JB117','SK018')
INSERT INTO [PerfectAnalyst.Require] VALUES ('JS013','JB118','SK018')
INSERT INTO [PerfectAnalyst.Require] VALUES ('JS014','JB119','SK018')
INSERT INTO [PerfectAnalyst.Require] VALUES ('JS015','JB120','SK018')
INSERT INTO [PerfectAnalyst.Require] VALUES ('JS001','JB121','SK018')
INSERT INTO [PerfectAnalyst.Require] VALUES ('JS002','JB122','SK018')
INSERT INTO [PerfectAnalyst.Require] VALUES ('JS003','JB101','SK022')
INSERT INTO [PerfectAnalyst.Require] VALUES ('JS004','JB102','SK022')
INSERT INTO [PerfectAnalyst.Require] VALUES ('JS005','JB103','SK022')
INSERT INTO [PerfectAnalyst.Require] VALUES ('JS006','JB104','SK022')
INSERT INTO [PerfectAnalyst.Require] VALUES ('JS007','JB105','SK022')
INSERT INTO [PerfectAnalyst.Require] VALUES ('JS008','JB106','SK022')
INSERT INTO [PerfectAnalyst.Require] VALUES ('JS009','JB107','SK022')
INSERT INTO [PerfectAnalyst.Require] VALUES ('JS010','JB108','SK022')
INSERT INTO [PerfectAnalyst.Require] VALUES ('JS011','JB109','SK022')
INSERT INTO [PerfectAnalyst.Require] VALUES ('JS012','JB110','SK022')
INSERT INTO [PerfectAnalyst.Require] VALUES ('JS013','JB111','SK022')
INSERT INTO [PerfectAnalyst.Require] VALUES ('JS014','JB101','SK023')
INSERT INTO [PerfectAnalyst.Require] VALUES ('JS015','JB102','SK023')
INSERT INTO [PerfectAnalyst.Require] VALUES ('JS001','JB103','SK023')
INSERT INTO [PerfectAnalyst.Require] VALUES ('JS002','JB104','SK023')
INSERT INTO [PerfectAnalyst.Require] VALUES ('JS003','JB105','SK023')
INSERT INTO [PerfectAnalyst.Require] VALUES ('JS004','JB106','SK023')
INSERT INTO [PerfectAnalyst.Require] VALUES ('JS005','JB107','SK023')
INSERT INTO [PerfectAnalyst.Require] VALUES ('JS006','JB108','SK023')
INSERT INTO [PerfectAnalyst.Require] VALUES ('JS007','JB109','SK023')
INSERT INTO [PerfectAnalyst.Require] VALUES ('JS008','JB110','SK023')
INSERT INTO [PerfectAnalyst.Require] VALUES ('JS009','JB111','SK023')
INSERT INTO [PerfectAnalyst.Require] VALUES ('JS010','JB112','SK023')
INSERT INTO [PerfectAnalyst.Require] VALUES ('JS011','JB113','SK023')
INSERT INTO [PerfectAnalyst.Require] VALUES ('JS012','JB114','SK023')
INSERT INTO [PerfectAnalyst.Require] VALUES ('JS013','JB115','SK023')
INSERT INTO [PerfectAnalyst.Require] VALUES ('JS014','JB116','SK023')
INSERT INTO [PerfectAnalyst.Require] VALUES ('JS015','JB117','SK023')
INSERT INTO [PerfectAnalyst.Require] VALUES ('JS001','JB118','SK023')
INSERT INTO [PerfectAnalyst.Require] VALUES ('JS002','JB119','SK023')
INSERT INTO [PerfectAnalyst.Require] VALUES ('JS003','JB120','SK023')
INSERT INTO [PerfectAnalyst.Require] VALUES ('JS004','JB101','SK024')
INSERT INTO [PerfectAnalyst.Require] VALUES ('JS005','JB102','SK024')
INSERT INTO [PerfectAnalyst.Require] VALUES ('JS006','JB103','SK024')
INSERT INTO [PerfectAnalyst.Require] VALUES ('JS007','JB104','SK024')
INSERT INTO [PerfectAnalyst.Require] VALUES ('JS008','JB105','SK024')
INSERT INTO [PerfectAnalyst.Require] VALUES ('JS009','JB106','SK024')
INSERT INTO [PerfectAnalyst.Require] VALUES ('JS010','JB107','SK024')
INSERT INTO [PerfectAnalyst.Require] VALUES ('JS011','JB108','SK024')
INSERT INTO [PerfectAnalyst.Require] VALUES ('JS012','JB109','SK024')
INSERT INTO [PerfectAnalyst.Require] VALUES ('JS013','JB110','SK024')
INSERT INTO [PerfectAnalyst.Require] VALUES ('JS014','JB111','SK024')
INSERT INTO [PerfectAnalyst.Require] VALUES ('JS015','JB112','SK024')
INSERT INTO [PerfectAnalyst.Require] VALUES ('JS001','JB113','SK024')
INSERT INTO [PerfectAnalyst.Require] VALUES ('JS002','JB101','SK025')
INSERT INTO [PerfectAnalyst.Require] VALUES ('JS003','JB102','SK025')
INSERT INTO [PerfectAnalyst.Require] VALUES ('JS004','JB103','SK025')
INSERT INTO [PerfectAnalyst.Require] VALUES ('JS005','JB104','SK025')
INSERT INTO [PerfectAnalyst.Require] VALUES ('JS006','JB105','SK025')
INSERT INTO [PerfectAnalyst.Require] VALUES ('JS007','JB106','SK025')
INSERT INTO [PerfectAnalyst.Require] VALUES ('JS008','JB107','SK025')
INSERT INTO [PerfectAnalyst.Require] VALUES ('JS009','JB108','SK025')
INSERT INTO [PerfectAnalyst.Require] VALUES ('JS010','JB109','SK025')
INSERT INTO [PerfectAnalyst.Require] VALUES ('JS011','JB110','SK025')
INSERT INTO [PerfectAnalyst.Require] VALUES ('JS012','JB111','SK025')
INSERT INTO [PerfectAnalyst.Require] VALUES ('JS013','JB112','SK025')
INSERT INTO [PerfectAnalyst.Require] VALUES ('JS014','JB113','SK025')
INSERT INTO [PerfectAnalyst.Require] VALUES ('JS015','JB114','SK025')
INSERT INTO [PerfectAnalyst.Require] VALUES ('JS001','JB115','SK025')
INSERT INTO [PerfectAnalyst.Require] VALUES ('JS002','JB116','SK025')
INSERT INTO [PerfectAnalyst.Require] VALUES ('JS003','JB117','SK025')
INSERT INTO [PerfectAnalyst.Require] VALUES ('JS004','JB118','SK025')
INSERT INTO [PerfectAnalyst.Require] VALUES ('JS005','JB119','SK025')
INSERT INTO [PerfectAnalyst.Require] VALUES ('JS006','JB120','SK025')
INSERT INTO [PerfectAnalyst.Require] VALUES ('JS007','JB121','SK025')
INSERT INTO [PerfectAnalyst.Require] VALUES ('JS008','JB122','SK025')
INSERT INTO [PerfectAnalyst.Require] VALUES ('JS009','JB123','SK025')
INSERT INTO [PerfectAnalyst.Require] VALUES ('JS010','JB124','SK025')



SELECT COUNT(*) FROM [PerfectAnalyst.Require] ---49

---PROFILE MATCH
INSERT INTO [PerfectAnalyst.ProfileMatch] VALUES ('P0305',45,'Average',55,2)
INSERT INTO [PerfectAnalyst.ProfileMatch] VALUES ('P0312',80,'Excellent',80,15)
INSERT INTO [PerfectAnalyst.ProfileMatch] VALUES ('P0314',30,'Poor',40,3)
INSERT INTO [PerfectAnalyst.ProfileMatch] VALUES ('P0315',26,'Poor',30,10)
INSERT INTO [PerfectAnalyst.ProfileMatch] VALUES ('P0316',85,'Excellent',80,6)
INSERT INTO [PerfectAnalyst.ProfileMatch] VALUES ('P0317',50,'Average',55,8)
INSERT INTO [PerfectAnalyst.ProfileMatch] VALUES ('P0318',65,'Average',55,1)
INSERT INTO [PerfectAnalyst.ProfileMatch] VALUES ('P0319',35,'Poor',40,4)
INSERT INTO [PerfectAnalyst.ProfileMatch] VALUES ('P0320',75,'Average',55,5)
INSERT INTO [PerfectAnalyst.ProfileMatch] VALUES ('P0321',71,'Average',65,9)
INSERT INTO [PerfectAnalyst.ProfileMatch] VALUES ('P0322',90,'Excellent',80,5)
INSERT INTO [PerfectAnalyst.ProfileMatch] VALUES ('P0323',55,'Average',65,7)
INSERT INTO [PerfectAnalyst.ProfileMatch] VALUES ('P0324',93,'Excellent',90,15)
INSERT INTO [PerfectAnalyst.ProfileMatch] VALUES ('P0309',19,'Poor',35,11)
INSERT INTO [PerfectAnalyst.ProfileMatch] VALUES ('P0313',99,'Excellent',90,6)
INSERT INTO [PerfectAnalyst.ProfileMatch] VALUES ('P0350',32,'Poor',35,16)
INSERT INTO [PerfectAnalyst.ProfileMatch] VALUES ('P0351',66,'Average',65,4)
INSERT INTO [PerfectAnalyst.ProfileMatch] VALUES ('P0352',55,'Average',60,19)
INSERT INTO [PerfectAnalyst.ProfileMatch] VALUES ('P0353',80,'Average',55,7)
INSERT INTO [PerfectAnalyst.ProfileMatch] VALUES ('P0354',90,'Excellent',85,15)
INSERT INTO [PerfectAnalyst.ProfileMatch] VALUES ('P0355',93,'Excellent',80,17)
INSERT INTO [PerfectAnalyst.ProfileMatch] VALUES ('P0356',87,'Excellent',85,3)
INSERT INTO [PerfectAnalyst.ProfileMatch] VALUES ('P0357',56,'Average',60,13)
INSERT INTO [PerfectAnalyst.ProfileMatch] VALUES ('P0358',43,'Average',65,2)
INSERT INTO [PerfectAnalyst.ProfileMatch] VALUES ('P0359',67,'Average',65,2)
INSERT INTO [PerfectAnalyst.ProfileMatch] VALUES ('P0360',29,'Poor',40,0)
INSERT INTO [PerfectAnalyst.ProfileMatch] VALUES ('P0361',77,'Average',65,7)
INSERT INTO [PerfectAnalyst.ProfileMatch] VALUES ('P0362',63,'Average',55,7)
INSERT INTO [PerfectAnalyst.ProfileMatch] VALUES ('P0363',99,'Excellent',90,4)
INSERT INTO [PerfectAnalyst.ProfileMatch] VALUES ('P0364',98,'Excellent',90,0)
INSERT INTO [PerfectAnalyst.ProfileMatch] VALUES ('P0365',34,'Poor',30,3)
INSERT INTO [PerfectAnalyst.ProfileMatch] VALUES ('P0366',29,'Poor',30,12)
INSERT INTO [PerfectAnalyst.ProfileMatch] VALUES ('P0367',54,'Average',55,11)
INSERT INTO [PerfectAnalyst.ProfileMatch] VALUES ('P0368',23,'Poor',35,12)
INSERT INTO [PerfectAnalyst.ProfileMatch] VALUES ('P0369',21,'Poor',30,15)
INSERT INTO [PerfectAnalyst.ProfileMatch] VALUES ('P0370',43,'Average',60,14)
INSERT INTO [PerfectAnalyst.ProfileMatch] VALUES ('P0371',72,'Average',60,7)
INSERT INTO [PerfectAnalyst.ProfileMatch] VALUES ('P0372',83,'Excellent',80,10)
INSERT INTO [PerfectAnalyst.ProfileMatch] VALUES ('P0373',36,'Poor',30,3)

SELECT COUNT(*) FROM [PerfectAnalyst.ProfileMatch] --- 39

--- HAS 
INSERT INTO [PerfectAnalyst.Has] VALUES ('JS001','SK001')
INSERT INTO [PerfectAnalyst.Has] VALUES ('JS001','SK003')
INSERT INTO [PerfectAnalyst.Has] VALUES ('JS001','SK007')
INSERT INTO [PerfectAnalyst.Has] VALUES ('JS001','SK013')
INSERT INTO [PerfectAnalyst.Has] VALUES ('JS001','SK015')
INSERT INTO [PerfectAnalyst.Has] VALUES ('JS002','SK006')
INSERT INTO [PerfectAnalyst.Has] VALUES ('JS002','SK007')
INSERT INTO [PerfectAnalyst.Has] VALUES ('JS002','SK008')
INSERT INTO [PerfectAnalyst.Has] VALUES ('JS002','SK009')
INSERT INTO [PerfectAnalyst.Has] VALUES ('JS002','SK010')
INSERT INTO [PerfectAnalyst.Has] VALUES ('JS003','SK001')
INSERT INTO [PerfectAnalyst.Has] VALUES ('JS003','SK002')
INSERT INTO [PerfectAnalyst.Has] VALUES ('JS003','SK003')
INSERT INTO [PerfectAnalyst.Has] VALUES ('JS003','SK004')
INSERT INTO [PerfectAnalyst.Has] VALUES ('JS003','SK005')
INSERT INTO [PerfectAnalyst.Has] VALUES ('JS004','SK006')
INSERT INTO [PerfectAnalyst.Has] VALUES ('JS004','SK007')
INSERT INTO [PerfectAnalyst.Has] VALUES ('JS004','SK008')
INSERT INTO [PerfectAnalyst.Has] VALUES ('JS004','SK009')
INSERT INTO [PerfectAnalyst.Has] VALUES ('JS004','SK010')
INSERT INTO [PerfectAnalyst.Has] VALUES ('JS005','SK005')
INSERT INTO [PerfectAnalyst.Has] VALUES ('JS005','SK006')
INSERT INTO [PerfectAnalyst.Has] VALUES ('JS005','SK007')
INSERT INTO [PerfectAnalyst.Has] VALUES ('JS006','SK008')
INSERT INTO [PerfectAnalyst.Has] VALUES ('JS006','SK009')
INSERT INTO [PerfectAnalyst.Has] VALUES ('JS006','SK010')
INSERT INTO [PerfectAnalyst.Has] VALUES ('JS006','SK011')
INSERT INTO [PerfectAnalyst.Has] VALUES ('JS006','SK005')
INSERT INTO [PerfectAnalyst.Has] VALUES ('JS007','SK014')
INSERT INTO [PerfectAnalyst.Has] VALUES ('JS007','SK010')
INSERT INTO [PerfectAnalyst.Has] VALUES ('JS007','SK018')
INSERT INTO [PerfectAnalyst.Has] VALUES ('JS007','SK007')
INSERT INTO [PerfectAnalyst.Has] VALUES ('JS008','SK007')
INSERT INTO [PerfectAnalyst.Has] VALUES ('JS008','SK020')
INSERT INTO [PerfectAnalyst.Has] VALUES ('JS008','SK022')
INSERT INTO [PerfectAnalyst.Has] VALUES ('JS008','SK003')
INSERT INTO [PerfectAnalyst.Has] VALUES ('JS009','SK010')
INSERT INTO [PerfectAnalyst.Has] VALUES ('JS009','SK011')
INSERT INTO [PerfectAnalyst.Has] VALUES ('JS009','SK002')
INSERT INTO [PerfectAnalyst.Has] VALUES ('JS009','SK008')
INSERT INTO [PerfectAnalyst.Has] VALUES ('JS009','SK018')
INSERT INTO [PerfectAnalyst.Has] VALUES ('JS010','SK002')
INSERT INTO [PerfectAnalyst.Has] VALUES ('JS010','SK009')
INSERT INTO [PerfectAnalyst.Has] VALUES ('JS010','SK001')
INSERT INTO [PerfectAnalyst.Has] VALUES ('JS010','SK003')
INSERT INTO [PerfectAnalyst.Has] VALUES ('JS010','SK007')
INSERT INTO [PerfectAnalyst.Has] VALUES ('JS011','SK003')
INSERT INTO [PerfectAnalyst.Has] VALUES ('JS011','SK022')
INSERT INTO [PerfectAnalyst.Has] VALUES ('JS011','SK001')
INSERT INTO [PerfectAnalyst.Has] VALUES ('JS011','SK024')
INSERT INTO [PerfectAnalyst.Has] VALUES ('JS011','SK011')
INSERT INTO [PerfectAnalyst.Has] VALUES ('JS012','SK021')
INSERT INTO [PerfectAnalyst.Has] VALUES ('JS012','SK023')
INSERT INTO [PerfectAnalyst.Has] VALUES ('JS012','SK016')
INSERT INTO [PerfectAnalyst.Has] VALUES ('JS012','SK017')
INSERT INTO [PerfectAnalyst.Has] VALUES ('JS012','SK005')
INSERT INTO [PerfectAnalyst.Has] VALUES ('JS013','SK012')
INSERT INTO [PerfectAnalyst.Has] VALUES ('JS013','SK003')
INSERT INTO [PerfectAnalyst.Has] VALUES ('JS013','SK009')
INSERT INTO [PerfectAnalyst.Has] VALUES ('JS013','SK007')
INSERT INTO [PerfectAnalyst.Has] VALUES ('JS013','SK002')
INSERT INTO [PerfectAnalyst.Has] VALUES ('JS014','SK002')
INSERT INTO [PerfectAnalyst.Has] VALUES ('JS014','SK008')
INSERT INTO [PerfectAnalyst.Has] VALUES ('JS014','SK024')
INSERT INTO [PerfectAnalyst.Has] VALUES ('JS014','SK007')
INSERT INTO [PerfectAnalyst.Has] VALUES ('JS015','SK008')
INSERT INTO [PerfectAnalyst.Has] VALUES ('JS015','SK002')
INSERT INTO [PerfectAnalyst.Has] VALUES ('JS015','SK024')
INSERT INTO [PerfectAnalyst.Has] VALUES ('JS015','SK005')
INSERT INTO [PerfectAnalyst.Has] VALUES ('JS015','SK020')

SELECT COUNT(*) FROM [PerfectAnalyst.Has] --- 70


---RATING 
INSERT INTO [PerfectAnalyst.Rating] VALUES ('R0001',5,5,5,5,5,5,'Glassdoor','C0001')
INSERT INTO [PerfectAnalyst.Rating] VALUES ('R0002',4,5,0,0,0,4,'Glassdoor','C0003')
INSERT INTO [PerfectAnalyst.Rating] VALUES ('R0003',4.9,4.8,4.8,4.6,4.9,4.8,'Glassdoor','C0004')
INSERT INTO [PerfectAnalyst.Rating] VALUES ('R0004',4.4,4.2,4.1,4.1,4,4.3,'Glassdoor','C0005')
INSERT INTO [PerfectAnalyst.Rating] VALUES ('R0005',3.5,2.7,3.3,3.6,2.7,3.5,'Glassdoor','C0006')
INSERT INTO [PerfectAnalyst.Rating] VALUES ('R0006',4.3,4.5,4.4,4.4,4.2,4.5,'Glassdoor','C0007')
INSERT INTO [PerfectAnalyst.Rating] VALUES ('R0007',3.6,3.5,3.5,3.2,3.1,3.7,'Glassdoor','C0008')
INSERT INTO [PerfectAnalyst.Rating] VALUES ('R0008',3.9,4.2,3.9,3.4,3.5,4.1,'Glassdoor','C0009')
INSERT INTO [PerfectAnalyst.Rating] VALUES ('R0009',3,3,3.2,3.8,3.2,3.4,'Glassdoor','C0010')
INSERT INTO [PerfectAnalyst.Rating] VALUES ('R0010',3.5,3.2,3.3,3.7,3.7,3.7,'Glassdoor','C0011')
INSERT INTO [PerfectAnalyst.Rating] VALUES ('R0011',4.3,3.3,4.6,4.3,5,4.2,'Glassdoor','C0012')
INSERT INTO [PerfectAnalyst.Rating] VALUES ('R0012',3.7,3.7,3.7,3.2,3.5,3.6,'Glassdoor','C0013')
INSERT INTO [PerfectAnalyst.Rating] VALUES ('R0013',3.7,3.6,3.4,3.2,3.5,3.7,'Glassdoor','C0014')
INSERT INTO [PerfectAnalyst.Rating] VALUES ('R0014',2.8,2.4,2.8,2.6,2.8,3.2,'Glassdoor','C0015')
INSERT INTO [PerfectAnalyst.Rating] VALUES ('R0015',4.1,4.2,3.6,4.3,3.9,4.4,'Glassdoor','C0016')
INSERT INTO [PerfectAnalyst.Rating] VALUES ('R0016',3.7,3.9,3.9,4.1,4.1,4,'Glassdoor','C0017')
INSERT INTO [PerfectAnalyst.Rating] VALUES ('R0017',2.9,3,3.3,2.8,2.9,3.1,'Glassdoor','C0018')
INSERT INTO [PerfectAnalyst.Rating] VALUES ('R0018',4.3,4.6,4.3,4.1,4,4.4,'Glassdoor','C0019')
INSERT INTO [PerfectAnalyst.Rating] VALUES ('R0019',3,3,3,3,3,3.2,'Glassdoor','C0022')
INSERT INTO [PerfectAnalyst.Rating] VALUES ('R0020',4.6,4.3,4.5,4.2,4.4,4.7,'Glassdoor','C0024')
INSERT INTO [PerfectAnalyst.Rating] VALUES ('R0021',3,3.4,3.8,3.1,3.2,3.4,'Glassdoor','C0025')
INSERT INTO [PerfectAnalyst.Rating] VALUES ('R0022',2.5,3.5,3,5,3,3.3,'Glassdoor','C0026')
INSERT INTO [PerfectAnalyst.Rating] VALUES ('R0023',2.2,2.3,1.9,2.1,1.6,2.1,'Glassdoor','C0027')
INSERT INTO [PerfectAnalyst.Rating] VALUES ('R0024',3.5,3.3,3.4,3.3,3.6,3.5,'Glassdoor','C0028')
INSERT INTO [PerfectAnalyst.Rating] VALUES ('R0025',3.2,3.6,2.7,3.4,3,3.1,'Glassdoor','C0029')
INSERT INTO [PerfectAnalyst.Rating] VALUES ('R0026',3.9,3.6,3.6,3.4,3.9,3.9,'Glassdoor','C0030')
INSERT INTO [PerfectAnalyst.Rating] VALUES ('R0027',3.2,3.4,2.7,2.4,3,3.5,'Glassdoor','C0031')
INSERT INTO [PerfectAnalyst.Rating] VALUES ('R0028',4.2,4.4,4.7,4.6,4.5,4.7,'Glassdoor','C0032')
INSERT INTO [PerfectAnalyst.Rating] VALUES ('R0029',4,3.7,3.8,3.5,4,3.9,'Glassdoor','C0033')
INSERT INTO [PerfectAnalyst.Rating] VALUES ('R0030',4.4,4.5,4.4,4.4,4,4.3,'Glassdoor','C0034')
INSERT INTO [PerfectAnalyst.Rating] VALUES ('R0031',4,3.6,3.4,4,3.8,4,'Glassdoor','C0035')
INSERT INTO [PerfectAnalyst.Rating] VALUES ('R0032',3.7,3.6,3.4,3.5,2.8,3.7,'Glassdoor','C0036')
INSERT INTO [PerfectAnalyst.Rating] VALUES ('R0033',4.3,3.6,3.8,3.8,4.3,4.2,'Glassdoor','C0037')
INSERT INTO [PerfectAnalyst.Rating] VALUES ('R0034',3.6,3.6,3.2,3.3,3.5,3.6,'Glassdoor','C0038')
INSERT INTO [PerfectAnalyst.Rating] VALUES ('R0035',4.4,4.3,4.2,4.4,4.3,4.5,'Glassdoor','C0039')
INSERT INTO [PerfectAnalyst.Rating] VALUES ('R0036',3.4,3.4,3,3.2,3.7,3.5,'Glassdoor','C0040')
INSERT INTO [PerfectAnalyst.Rating] VALUES ('R0037',3.8,3.5,3.2,3.3,3.7,3.6,'Glassdoor','C0041')
INSERT INTO [PerfectAnalyst.Rating] VALUES ('R0038',5,5,5,5,5,5,'Glassdoor','C0042')
INSERT INTO [PerfectAnalyst.Rating] VALUES ('R0039',3.4,3.4,3.6,3.1,3.7,3.6,'Glassdoor','C0043')
INSERT INTO [PerfectAnalyst.Rating] VALUES ('R0040',4.9,4.9,4.9,4.7,5,4.9,'Glassdoor','C0044')
INSERT INTO [PerfectAnalyst.Rating] VALUES ('R0041',4.3,4.4,4.2,4,4.4,4.5,'Glassdoor','C0045')
INSERT INTO [PerfectAnalyst.Rating] VALUES ('R0042',3.4,3.2,2.8,3.2,3,3.2,'Glassdoor','C0046')
INSERT INTO [PerfectAnalyst.Rating] VALUES ('R0043',4,3.8,3.7,4.4,4,4.2,'Glassdoor','C0047')
INSERT INTO [PerfectAnalyst.Rating] VALUES ('R0044',4.3,4.1,3.9,4.4,4,4.2,'Glassdoor','C0048')
INSERT INTO [PerfectAnalyst.Rating] VALUES ('R0045',3.6,3.5,3.5,3.8,3.7,3.7,'Glassdoor','C0049')
INSERT INTO [PerfectAnalyst.Rating] VALUES ('R0046',4.1,4.2,3.8,3.6,3.9,4.1,'Glassdoor','C0050')
INSERT INTO [PerfectAnalyst.Rating] VALUES ('R0047',4.1,4.2,4,3.6,3.9,4.2,'Glassdoor','C0051')
INSERT INTO [PerfectAnalyst.Rating] VALUES ('R0048',3.6,4,3.6,3.2,3.5,3.7,'Glassdoor','C0052')
INSERT INTO [PerfectAnalyst.Rating] VALUES ('R0049',3.2,3.7,2.9,2.9,3.3,3.3,'Glassdoor','C0053')
INSERT INTO [PerfectAnalyst.Rating] VALUES ('R0050',4.2,4.3,4,4,4.2,4.3,'Glassdoor','C0054')
INSERT INTO [PerfectAnalyst.Rating] VALUES ('R0051',3.7,3.5,3.2,3.5,3.9,3.7,'Glassdoor','C0055')
INSERT INTO [PerfectAnalyst.Rating] VALUES ('R0052',4.6,3.7,4.7,4.9,5,4.9,'Glassdoor','C0056')
INSERT INTO [PerfectAnalyst.Rating] VALUES ('R0053',3.4,3,2.8,3.2,3.2,3,'Glassdoor','C0057')
INSERT INTO [PerfectAnalyst.Rating] VALUES ('R0054',4.4,3.8,3.8,3.2,4.5,4.1,'Glassdoor','C0058')
INSERT INTO [PerfectAnalyst.Rating] VALUES ('R0055',4.2,3.4,3.9,3.9,3.9,4,'Glassdoor','C0059')
INSERT INTO [PerfectAnalyst.Rating] VALUES ('R0056',2.8,3,2.5,2.5,2.5,2.5,'Glassdoor','C0060')
INSERT INTO [PerfectAnalyst.Rating] VALUES ('R0057',3.8,3.4,3.4,3.4,3.9,3.8,'Glassdoor','C0061')
INSERT INTO [PerfectAnalyst.Rating] VALUES ('R0058',3.2,3.2,3,2.8,3,3.2,'Glassdoor','C0062')
INSERT INTO [PerfectAnalyst.Rating] VALUES ('R0059',3.1,2.9,3.3,3.3,3.6,3.7,'Glassdoor','C0063')
INSERT INTO [PerfectAnalyst.Rating] VALUES ('R0060',4.3,4.1,4.2,4,4.2,4.2,'Glassdoor','C0064')
INSERT INTO [PerfectAnalyst.Rating] VALUES ('R0061',4.2,3.7,3.7,3.9,3.7,3.9,'Glassdoor','C0065')
INSERT INTO [PerfectAnalyst.Rating] VALUES ('R0062',3.3,3.2,2.8,3.1,3.4,3.5,'Glassdoor','C0066')
INSERT INTO [PerfectAnalyst.Rating] VALUES ('R0063',3.7,3.7,3.7,3,3.1,3,'Glassdoor','C0069')
INSERT INTO [PerfectAnalyst.Rating] VALUES ('R0064',3.5,2.7,2,2.7,3,2.8,'Glassdoor','C0070')
INSERT INTO [PerfectAnalyst.Rating] VALUES ('R0065',4.2,3.8,4.3,4.4,4.4,4,'Glassdoor','C0071')
INSERT INTO [PerfectAnalyst.Rating] VALUES ('R0066',4.1,4,4.2,4.2,4.4,4.3,'Glassdoor','C0072')
INSERT INTO [PerfectAnalyst.Rating] VALUES ('R0067',3.8,3.8,4.1,3.7,3.8,3.8,'Glassdoor','C0073')
INSERT INTO [PerfectAnalyst.Rating] VALUES ('R0068',3.8,3.7,3.7,3.7,3.7,3.7,'Glassdoor','C0074')
INSERT INTO [PerfectAnalyst.Rating] VALUES ('R0069',3.2,3.1,3.3,2.8,3.3,3.3,'Glassdoor','C0075')
INSERT INTO [PerfectAnalyst.Rating] VALUES ('R0070',3.8,3.8,3.8,3.4,3.9,3.9,'Glassdoor','C0076')
INSERT INTO [PerfectAnalyst.Rating] VALUES ('R0071',3.6,4.1,3.8,3.7,3.3,3.7,'Glassdoor','C0077')
INSERT INTO [PerfectAnalyst.Rating] VALUES ('R0072',3.2,3,3.2,3.1,3.4,3.4,'Glassdoor','C0078')
INSERT INTO [PerfectAnalyst.Rating] VALUES ('R0073',3.8,3.4,3.9,3.6,3.5,3.7,'Glassdoor','C0079')
INSERT INTO [PerfectAnalyst.Rating] VALUES ('R0074',3,2.8,3,2.9,3.2,3.3,'Glassdoor','C0080')
INSERT INTO [PerfectAnalyst.Rating] VALUES ('R0075',2.8,2.6,3.1,2.7,3.2,3,'Glassdoor','C0081')
INSERT INTO [PerfectAnalyst.Rating] VALUES ('R0076',4.5,4.2,3.8,3.8,4.1,4.3,'Glassdoor','C0082')
INSERT INTO [PerfectAnalyst.Rating] VALUES ('R0077',3.4,2.7,3.2,3.1,3.3,3.3,'Glassdoor','C0083')
INSERT INTO [PerfectAnalyst.Rating] VALUES ('R0078',4.3,4.2,4.5,4.3,4.4,4.4,'Glassdoor','C0085')
INSERT INTO [PerfectAnalyst.Rating] VALUES ('R0079',3.7,3.7,3.5,3.1,3.5,3.6,'Glassdoor','C0086')
INSERT INTO [PerfectAnalyst.Rating] VALUES ('R0080',5,5,5,4.9,5,4.95,'Glassdoor','C0087')
INSERT INTO [PerfectAnalyst.Rating] VALUES ('R0081',4.2,3.3,3.6,3.8,4.4,4,'Glassdoor','C0088')
INSERT INTO [PerfectAnalyst.Rating] VALUES ('R0082',5,5,4.9,4.9,5,4.95,'Glassdoor','C0089')
INSERT INTO [PerfectAnalyst.Rating] VALUES ('R0083',3.7,3.7,3.8,3.6,3.6,3.9,'Glassdoor','C0090')
INSERT INTO [PerfectAnalyst.Rating] VALUES ('R0084',2.7,2.9,3,2.6,2.8,3.1,'Glassdoor','C0091')
INSERT INTO [PerfectAnalyst.Rating] VALUES ('R0085',3.5,3.4,3.5,3.4,3.6,3.8,'Glassdoor','C0092')
INSERT INTO [PerfectAnalyst.Rating] VALUES ('R0086',5,4.5,4.3,4.7,5,4.8,'Glassdoor','C0093')
INSERT INTO [PerfectAnalyst.Rating] VALUES ('R0087',3.7,3.5,3.5,3.4,3.8,3.8,'Glassdoor','C0094')
INSERT INTO [PerfectAnalyst.Rating] VALUES ('R0088',5,4.9,4.9,4.9,4.9,4.9,'Glassdoor','C0095')
INSERT INTO [PerfectAnalyst.Rating] VALUES ('R0089',3.1,3.5,3.6,2.8,3.3,3.5,'Glassdoor','C0096')
INSERT INTO [PerfectAnalyst.Rating] VALUES ('R0090',3.5,4.1,3.7,3.4,3.8,3.9,'Glassdoor','C0097')
INSERT INTO [PerfectAnalyst.Rating] VALUES ('R0091',3.4,3.4,3.8,3,3.8,3.3,'Glassdoor','C0098')
INSERT INTO [PerfectAnalyst.Rating] VALUES ('R0092',4.5,4.6,4.3,4.5,4.8,4.6,'Glassdoor','C0099')
INSERT INTO [PerfectAnalyst.Rating] VALUES ('R0093',5,3.4,3.8,5,4.2,4.5,'Glassdoor','C0100')
INSERT INTO [PerfectAnalyst.Rating] VALUES ('R0094',3,3,3.3,3.5,2.9,3.4,'Glassdoor','C0101')
INSERT INTO [PerfectAnalyst.Rating] VALUES ('R0095',3.3,3.1,3.6,2.9,3,3.4,'Glassdoor','C0102')
INSERT INTO [PerfectAnalyst.Rating] VALUES ('R0096',3.4,3.1,2.8,3.8,3.3,3.2,'Glassdoor','C0103')
INSERT INTO [PerfectAnalyst.Rating] VALUES ('R0097',3.5,2.7,3,3.2,3.2,3.2,'Glassdoor','C0104')
INSERT INTO [PerfectAnalyst.Rating] VALUES ('R0098',3.6,3.6,3.6,3.6,3.9,3.8,'Glassdoor','C0105')
INSERT INTO [PerfectAnalyst.Rating] VALUES ('R0099',2,1.8,2.1,2.5,2.2,2.1,'Glassdoor','C0107')
INSERT INTO [PerfectAnalyst.Rating] VALUES ('R0100',3.6,3.2,3,3.4,3.2,3.2,'Glassdoor','C0108')
INSERT INTO [PerfectAnalyst.Rating] VALUES ('R0101',3.9,3.5,3.4,3.6,3.7,3.7,'Glassdoor','C0109')
INSERT INTO [PerfectAnalyst.Rating] VALUES ('R0102',3,3,3.4,0,3.2,3.3,'Glassdoor','C0111')
INSERT INTO [PerfectAnalyst.Rating] VALUES ('R0103',4.1,4.1,3.9,3.6,4,3.9,'Glassdoor','C0112')
INSERT INTO [PerfectAnalyst.Rating] VALUES ('R0104',2.9,2.4,2.5,2.5,2.5,2.7,'Glassdoor','C0113')
INSERT INTO [PerfectAnalyst.Rating] VALUES ('R0105',4.5,4.7,4.3,4.5,4.5,4.4,'Glassdoor','C0114')
INSERT INTO [PerfectAnalyst.Rating] VALUES ('R0106',4.1,3.8,3.6,3.9,3.4,3.9,'Glassdoor','C0115')
INSERT INTO [PerfectAnalyst.Rating] VALUES ('R0107',4.1,3.6,3.6,3.9,3.8,3.9,'Glassdoor','C0116')
INSERT INTO [PerfectAnalyst.Rating] VALUES ('R0108',2.5,2.9,3.3,3.2,2.6,3.3,'Glassdoor','C0117')
INSERT INTO [PerfectAnalyst.Rating] VALUES ('R0109',3.9,3.9,4.1,3.7,3.9,4,'Glassdoor','C0118')
INSERT INTO [PerfectAnalyst.Rating] VALUES ('R0110',3.9,3.6,3.6,3.4,3.6,3.7,'Glassdoor','C0119')
INSERT INTO [PerfectAnalyst.Rating] VALUES ('R0111',3,2.5,2.5,3.1,2.8,2.8,'Glassdoor','C0120')
INSERT INTO [PerfectAnalyst.Rating] VALUES ('R0112',3.6,3.4,3.4,3.3,3.2,3.3,'Glassdoor','C0121')
INSERT INTO [PerfectAnalyst.Rating] VALUES ('R0113',3.9,3.3,3.4,3.6,3.6,3.7,'Glassdoor','C0123')
INSERT INTO [PerfectAnalyst.Rating] VALUES ('R0114',3.9,3.8,3.6,3.3,3.7,3.8,'Glassdoor','C0124')
INSERT INTO [PerfectAnalyst.Rating] VALUES ('R0115',4,4,3.7,3.6,3.9,3.9,'Glassdoor','C0125')
INSERT INTO [PerfectAnalyst.Rating] VALUES ('R0116',3.9,3.9,3.9,3.8,4.2,4,'Glassdoor','C0126')
INSERT INTO [PerfectAnalyst.Rating] VALUES ('R0117',4.6,4.6,4.6,4.7,4.7,4.7,'Glassdoor','C0127')
INSERT INTO [PerfectAnalyst.Rating] VALUES ('R0118',4.2,3.5,4,4,4,4,'Glassdoor','C0128')
INSERT INTO [PerfectAnalyst.Rating] VALUES ('R0119',5,5,5,5,5,5,'Glassdoor','C0129')
INSERT INTO [PerfectAnalyst.Rating] VALUES ('R0120',3.6,3.8,3,2.9,2.9,3.3,'Glassdoor','C0130')
INSERT INTO [PerfectAnalyst.Rating] VALUES ('R0121',4.1,3.8,3.6,4.1,4.2,4.2,'Glassdoor','C0131')
INSERT INTO [PerfectAnalyst.Rating] VALUES ('R0122',4.2,4,3.8,3.6,4,4,'Glassdoor','C0132')
INSERT INTO [PerfectAnalyst.Rating] VALUES ('R0123',3.9,3.3,3.2,3.2,3.5,3.5,'Glassdoor','C0133')
INSERT INTO [PerfectAnalyst.Rating] VALUES ('R0124',4.1,3.5,3.9,3.8,3.9,4,'Glassdoor','C0134')
INSERT INTO [PerfectAnalyst.Rating] VALUES ('R0125',3.7,3.5,3.1,3.7,3.7,3.7,'Glassdoor','C0135')
INSERT INTO [PerfectAnalyst.Rating] VALUES ('R0126',4.6,4.2,4.2,4.5,4.4,4.4,'Glassdoor','C0136')
INSERT INTO [PerfectAnalyst.Rating] VALUES ('R0127',4,3.4,3.7,3.8,3.9,3.9,'Glassdoor','C0137')
INSERT INTO [PerfectAnalyst.Rating] VALUES ('R0128',3.6,3.2,3.2,3.5,3.7,3.8,'Glassdoor','C0138')
INSERT INTO [PerfectAnalyst.Rating] VALUES ('R0129',3.9,4.2,3.5,3.9,4.3,3.8,'Glassdoor','C0139')
INSERT INTO [PerfectAnalyst.Rating] VALUES ('R0130',3.9,3.5,3.7,4,3.7,4,'Glassdoor','C0140')
INSERT INTO [PerfectAnalyst.Rating] VALUES ('R0131',5,3.7,4.4,3.8,4,3.8,'Glassdoor','C0141')
INSERT INTO [PerfectAnalyst.Rating] VALUES ('R0132',3.6,3.3,3.1,3.3,3.4,3.3,'Glassdoor','C0142')
INSERT INTO [PerfectAnalyst.Rating] VALUES ('R0133',3.7,3.2,3.1,3.3,3.4,3.6,'Glassdoor','C0143')
INSERT INTO [PerfectAnalyst.Rating] VALUES ('R0134',3.9,3.7,4.1,3.9,4.1,3.9,'Glassdoor','C0144')
INSERT INTO [PerfectAnalyst.Rating] VALUES ('R0135',3.7,3.1,3.4,3.1,3.2,3.6,'Glassdoor','C0145')
INSERT INTO [PerfectAnalyst.Rating] VALUES ('R0136',3.5,3.5,3.6,3.4,3.7,3.8,'Glassdoor','C0146')
INSERT INTO [PerfectAnalyst.Rating] VALUES ('R0137',3,3.7,2.5,2.5,2.5,2.8,'Glassdoor','C0147')
INSERT INTO [PerfectAnalyst.Rating] VALUES ('R0138',4.1,3.6,4,3.7,4.2,4.1,'Glassdoor','C0148')
INSERT INTO [PerfectAnalyst.Rating] VALUES ('R0139',3.4,2.8,3.3,3.2,3.3,3.6,'Glassdoor','C0149')
INSERT INTO [PerfectAnalyst.Rating] VALUES ('R0140',2,4,2,4,5,4,'Glassdoor','C0150')
INSERT INTO [PerfectAnalyst.Rating] VALUES ('R0141',3.4,3.2,3.5,3.1,3.7,3.6,'Glassdoor','C0151')
INSERT INTO [PerfectAnalyst.Rating] VALUES ('R0142',3.3,3.2,3.3,3,3.5,3.4,'Glassdoor','C0152')
INSERT INTO [PerfectAnalyst.Rating] VALUES ('R0143',3.9,3.7,4,4,4.2,3.9,'Glassdoor','C0153')
INSERT INTO [PerfectAnalyst.Rating] VALUES ('R0144',5,5,5,5,4.9,4.95,'Indeed','C0001')
INSERT INTO [PerfectAnalyst.Rating] VALUES ('R0145',4,3.9,3.7,3.7,4.1,4.3,'Indeed','C0003')
INSERT INTO [PerfectAnalyst.Rating] VALUES ('R0146',3.2,3,3.5,3.5,3,3.4,'Indeed','C0004')
INSERT INTO [PerfectAnalyst.Rating] VALUES ('R0147',3.1,3.7,3.1,3.1,3.4,3.6,'Indeed','C0006')
INSERT INTO [PerfectAnalyst.Rating] VALUES ('R0148',3.4,2.6,3.2,3,3.2,3,'Indeed','C0007')
INSERT INTO [PerfectAnalyst.Rating] VALUES ('R0149',4,3,4,4,4,4,'Indeed','C0008')
INSERT INTO [PerfectAnalyst.Rating] VALUES ('R0150',4.5,4.2,3.9,4,4.2,4.2,'Indeed','C0009')
INSERT INTO [PerfectAnalyst.Rating] VALUES ('R0151',3.4,3.2,3.3,3.3,3.2,3.3,'Indeed','C0010')
INSERT INTO [PerfectAnalyst.Rating] VALUES ('R0152',3.5,3.6,3.3,3.3,3.4,3.6,'Indeed','C0011')
INSERT INTO [PerfectAnalyst.Rating] VALUES ('R0153',2.8,2.7,2.6,2.4,2.7,2.8,'Indeed','C0013')
INSERT INTO [PerfectAnalyst.Rating] VALUES ('R0154',3.8,3.4,3.1,3.3,3.6,3.8,'Indeed','C0014')
INSERT INTO [PerfectAnalyst.Rating] VALUES ('R0155',4.2,4.2,3.8,3.6,3.9,4.1,'Indeed','C0016')
INSERT INTO [PerfectAnalyst.Rating] VALUES ('R0156',3.4,3,2.8,2.9,3.1,3.3,'Indeed','C0017')
INSERT INTO [PerfectAnalyst.Rating] VALUES ('R0157',3,3.2,2.9,2.9,3,3.2,'Indeed','C0018')
INSERT INTO [PerfectAnalyst.Rating] VALUES ('R0158',3.9,3.4,3,3.5,3.5,3.2,'Indeed','C0019')
INSERT INTO [PerfectAnalyst.Rating] VALUES ('R0159',5,4,5,5,5,4.5,'Indeed','C0021')
INSERT INTO [PerfectAnalyst.Rating] VALUES ('R0160',1,1.5,1,1,1,1,'Indeed','C0024')
INSERT INTO [PerfectAnalyst.Rating] VALUES ('R0161',4.1,3.7,3.7,3.9,4,4.1,'Indeed','C0027')
INSERT INTO [PerfectAnalyst.Rating] VALUES ('R0162',2.3,3.7,3.7,2.7,3.3,3.3,'Indeed','C0028')
INSERT INTO [PerfectAnalyst.Rating] VALUES ('R0163',4,3,2,1,1,2,'Indeed','C0029')
INSERT INTO [PerfectAnalyst.Rating] VALUES ('R0164',3.7,3.4,3.9,3.6,4.1,3.8,'Indeed','C0030')
INSERT INTO [PerfectAnalyst.Rating] VALUES ('R0165',4.1,3.2,2.9,3.4,3,3.4,'Indeed','C0031')
INSERT INTO [PerfectAnalyst.Rating] VALUES ('R0166',5,5,5,1,5,4.2,'Indeed','C0032')
INSERT INTO [PerfectAnalyst.Rating] VALUES ('R0167',3.8,3.5,3.4,3.6,3.8,3.9,'Indeed','C0033')
INSERT INTO [PerfectAnalyst.Rating] VALUES ('R0168',4.3,3.5,3.6,3.6,3.9,4.2,'Indeed','C0034')
INSERT INTO [PerfectAnalyst.Rating] VALUES ('R0169',3.9,4.2,3.8,3.5,3.8,4.1,'Indeed','C0035')
INSERT INTO [PerfectAnalyst.Rating] VALUES ('R0170',1,1,1,1,2,1,'Indeed','C0036')
INSERT INTO [PerfectAnalyst.Rating] VALUES ('R0171',3.9,3.5,3.2,3.4,3.6,3.8,'Indeed','C0037')
INSERT INTO [PerfectAnalyst.Rating] VALUES ('R0172',3.6,3.5,3.2,3.2,3.5,3.6,'Indeed','C0038')
INSERT INTO [PerfectAnalyst.Rating] VALUES ('R0173',4.5,4.4,4.6,4,4.9,4.7,'Indeed','C0039')
INSERT INTO [PerfectAnalyst.Rating] VALUES ('R0174',3.8,3.6,3.4,3.3,3.6,3.8,'Indeed','C0040')
INSERT INTO [PerfectAnalyst.Rating] VALUES ('R0175',3.3,3.2,2.9,2.8,3.1,3.3,'Indeed','C0041')
INSERT INTO [PerfectAnalyst.Rating] VALUES ('R0176',4.9,4.9,5,5,5,4.9,'Indeed','C0042')
INSERT INTO [PerfectAnalyst.Rating] VALUES ('R0177',3.8,3.8,3.5,3.4,3.7,3.9,'Indeed','C0043')
INSERT INTO [PerfectAnalyst.Rating] VALUES ('R0178',3.2,3.9,3,3.1,3.2,3.5,'Indeed','C0044')
INSERT INTO [PerfectAnalyst.Rating] VALUES ('R0179',2.8,3,2.6,2.6,3,3.1,'Indeed','C0046')
INSERT INTO [PerfectAnalyst.Rating] VALUES ('R0180',3.9,4.1,2.6,3.4,4,4,'Indeed','C0048')
INSERT INTO [PerfectAnalyst.Rating] VALUES ('R0181',3.5,3.6,3.2,3.3,3.5,3.5,'Indeed','C0049')
INSERT INTO [PerfectAnalyst.Rating] VALUES ('R0182',4.9,4.5,4.6,4.2,4.3,4.6,'Indeed','C0050')
INSERT INTO [PerfectAnalyst.Rating] VALUES ('R0183',4,4,4,3.3,3.4,4,'Indeed','C0051')
INSERT INTO [PerfectAnalyst.Rating] VALUES ('R0184',3.5,3.7,3.2,3.1,3.4,3.6,'Indeed','C0052')
INSERT INTO [PerfectAnalyst.Rating] VALUES ('R0185',3.6,3.7,2.9,3.4,3.5,3.7,'Indeed','C0053')
INSERT INTO [PerfectAnalyst.Rating] VALUES ('R0186',3.4,3.4,3.1,3.3,3.3,3.4,'Indeed','C0054')
INSERT INTO [PerfectAnalyst.Rating] VALUES ('R0187',3.7,3.4,3.4,3.6,3.6,3.5,'Indeed','C0055')
INSERT INTO [PerfectAnalyst.Rating] VALUES ('R0188',3.6,3.2,2.3,2.8,3,3.6,'Indeed','C0056')
INSERT INTO [PerfectAnalyst.Rating] VALUES ('R0189',4.3,4.2,4.1,4.2,4.1,4,'Indeed','C0060')
INSERT INTO [PerfectAnalyst.Rating] VALUES ('R0190',3.7,3.6,3,3.3,3.4,3.6,'Indeed','C0061')
INSERT INTO [PerfectAnalyst.Rating] VALUES ('R0191',3.5,5,5,3,3,3.5,'Indeed','C0062')
INSERT INTO [PerfectAnalyst.Rating] VALUES ('R0192',3.8,3.5,3.4,3.6,3.7,3.9,'Indeed','C0063')
INSERT INTO [PerfectAnalyst.Rating] VALUES ('R0193',4,3.7,3.5,3.5,3.7,3.8,'Indeed','C0064')
INSERT INTO [PerfectAnalyst.Rating] VALUES ('R0194',3.8,3.8,3.8,3.8,3.7,3.9,'Indeed','C0065')
INSERT INTO [PerfectAnalyst.Rating] VALUES ('R0195',2.5,4.3,4.2,3.9,3.3,3.7,'Indeed','C0066')
INSERT INTO [PerfectAnalyst.Rating] VALUES ('R0196',3.8,3.5,3.3,3.6,3.8,4,'Indeed','C0069')
INSERT INTO [PerfectAnalyst.Rating] VALUES ('R0197',3.9,3.7,3.8,3.6,3.9,4.1,'Indeed','C0070')
INSERT INTO [PerfectAnalyst.Rating] VALUES ('R0198',5,4,4,4,5,4,'Indeed','C0071')
INSERT INTO [PerfectAnalyst.Rating] VALUES ('R0199',4.1,3.8,3.6,3.6,3.9,3.9,'Indeed','C0072')
INSERT INTO [PerfectAnalyst.Rating] VALUES ('R0200',2.7,2.8,2.4,2.4,2.4,2.6,'Indeed','C0073')
INSERT INTO [PerfectAnalyst.Rating] VALUES ('R0201',4.8,4,4.8,4.8,4.8,4.8,'Indeed','C0074')
INSERT INTO [PerfectAnalyst.Rating] VALUES ('R0202',3.3,2.8,3,3.1,3,3.2,'Indeed','C0075')
INSERT INTO [PerfectAnalyst.Rating] VALUES ('R0203',3.6,3.7,3.1,3.3,3.4,3.6,'Indeed','C0076')
INSERT INTO [PerfectAnalyst.Rating] VALUES ('R0204',3,3.2,3,2.8,3.1,3.3,'Indeed','C0078')
INSERT INTO [PerfectAnalyst.Rating] VALUES ('R0205',2.7,2.7,2.7,2.6,2.8,2.9,'Indeed','C0080')
INSERT INTO [PerfectAnalyst.Rating] VALUES ('R0206',2.8,2.7,2.7,2.8,3,2.9,'Indeed','C0081')
INSERT INTO [PerfectAnalyst.Rating] VALUES ('R0207',4.5,3.7,3.6,3.4,4.1,4.2,'Indeed','C0082')
INSERT INTO [PerfectAnalyst.Rating] VALUES ('R0208',3,3,2.6,2.8,2.9,3,'Indeed','C0085')
INSERT INTO [PerfectAnalyst.Rating] VALUES ('R0209',3.7,3.8,3.3,3.2,3.5,3.7,'Indeed','C0086')
INSERT INTO [PerfectAnalyst.Rating] VALUES ('R0210',4.9,5,5,5,5,4.9,'Indeed','C0087')
INSERT INTO [PerfectAnalyst.Rating] VALUES ('R0211',4.2,3.4,3.4,3.9,4.3,4.2,'Indeed','C0088')
INSERT INTO [PerfectAnalyst.Rating] VALUES ('R0212',5,5,5,5,5,5,'Indeed','C0089')
INSERT INTO [PerfectAnalyst.Rating] VALUES ('R0213',3.4,2.7,2.8,3,3,3.1,'Indeed','C0090')
INSERT INTO [PerfectAnalyst.Rating] VALUES ('R0214',3,2.5,2.8,3,2.8,2.7,'Indeed','C0091')
INSERT INTO [PerfectAnalyst.Rating] VALUES ('R0215',3.6,3.5,3.1,3.3,3.5,3.7,'Indeed','C0092')
INSERT INTO [PerfectAnalyst.Rating] VALUES ('R0216',4.7,4.3,4,4.7,4.7,4.8,'Indeed','C0093')
INSERT INTO [PerfectAnalyst.Rating] VALUES ('R0217',3.5,3.4,3.2,3.2,3.4,3.6,'Indeed','C0094')
INSERT INTO [PerfectAnalyst.Rating] VALUES ('R0218',5,5,5,5,5,5,'Indeed','C0095')
INSERT INTO [PerfectAnalyst.Rating] VALUES ('R0219',3.8,3.8,3.5,3.4,3.7,3.8,'Indeed','C0096')
INSERT INTO [PerfectAnalyst.Rating] VALUES ('R0220',3.5,4.1,3.4,3.4,3.6,3.9,'Indeed','C0097')
INSERT INTO [PerfectAnalyst.Rating] VALUES ('R0221',5,4,4,2,4,4,'Indeed','C0098')
INSERT INTO [PerfectAnalyst.Rating] VALUES ('R0222',4.3,3.8,3.8,4.3,3.8,4,'Indeed','C0099')
INSERT INTO [PerfectAnalyst.Rating] VALUES ('R0223',2.5,4.5,3,3.5,3,3.5,'Indeed','C0101')
INSERT INTO [PerfectAnalyst.Rating] VALUES ('R0224',3.4,4,3.3,3.2,3.4,3.7,'Indeed','C0102')
INSERT INTO [PerfectAnalyst.Rating] VALUES ('R0225',3.2,2.9,2.4,2.7,2.9,3,'Indeed','C0103')
INSERT INTO [PerfectAnalyst.Rating] VALUES ('R0226',3.6,3.5,3.1,3.2,3.4,3.6,'Indeed','C0104')
INSERT INTO [PerfectAnalyst.Rating] VALUES ('R0227',4.5,4.3,4.5,4.5,4.5,4.5,'Indeed','C0106')
INSERT INTO [PerfectAnalyst.Rating] VALUES ('R0228',3.6,3.3,3.1,3.1,3.3,4,'Indeed','C0107')
INSERT INTO [PerfectAnalyst.Rating] VALUES ('R0229',3.4,3,2.9,3.2,3.2,3.3,'Indeed','C0108')
INSERT INTO [PerfectAnalyst.Rating] VALUES ('R0230',3.3,3.4,2.9,2.9,3.2,3.3,'Indeed','C0109')
INSERT INTO [PerfectAnalyst.Rating] VALUES ('R0231',5,5,5,5,5,5,'Indeed','C0111')
INSERT INTO [PerfectAnalyst.Rating] VALUES ('R0232',4,3.9,4.3,4.3,4.7,4.6,'Indeed','C0112')
INSERT INTO [PerfectAnalyst.Rating] VALUES ('R0233',2.4,2.8,2.4,2.1,2.2,2.5,'Indeed','C0113')
INSERT INTO [PerfectAnalyst.Rating] VALUES ('R0234',2.3,1.7,1.7,2.3,1.2,2.3,'Indeed','C0114')
INSERT INTO [PerfectAnalyst.Rating] VALUES ('R0235',3.1,3,2.7,2.7,2.9,3.1,'Indeed','C0116')
INSERT INTO [PerfectAnalyst.Rating] VALUES ('R0236',3.7,3.8,3.2,3.3,3.6,3.8,'Indeed','C0118')
INSERT INTO [PerfectAnalyst.Rating] VALUES ('R0237',1,3,3,3,1.1,2.8,'Indeed','C0119')
INSERT INTO [PerfectAnalyst.Rating] VALUES ('R0238',3.1,2.2,1.9,2.5,2.6,2.6,'Indeed','C0120')
INSERT INTO [PerfectAnalyst.Rating] VALUES ('R0239',3.3,3.6,2.7,2.9,3,3.2,'Indeed','C0121')
INSERT INTO [PerfectAnalyst.Rating] VALUES ('R0240',3.6,3.6,3.3,3.1,3.5,3.7,'Indeed','C0123')
INSERT INTO [PerfectAnalyst.Rating] VALUES ('R0241',3.7,3.9,3.4,3.5,3.7,3.9,'Indeed','C0124')
INSERT INTO [PerfectAnalyst.Rating] VALUES ('R0242',3.8,3.5,3.2,3.5,3.8,3.9,'Indeed','C0125')
INSERT INTO [PerfectAnalyst.Rating] VALUES ('R0243',3.5,3.7,3.2,3.3,3.5,3.6,'Indeed','C0126')
INSERT INTO [PerfectAnalyst.Rating] VALUES ('R0244',4.6,4.5,4.7,4.6,4.8,4.6,'Indeed','C0127')
INSERT INTO [PerfectAnalyst.Rating] VALUES ('R0245',3.8,3.9,3.3,3.3,3.8,3.9,'Indeed','C0128')
INSERT INTO [PerfectAnalyst.Rating] VALUES ('R0246',4.9,5,5,5,5,4.9,'Indeed','C0129')
INSERT INTO [PerfectAnalyst.Rating] VALUES ('R0247',3.1,3.7,3,2.9,3.1,3.3,'Indeed','C0130')
INSERT INTO [PerfectAnalyst.Rating] VALUES ('R0248',3.9,3.8,3.7,3.6,3.9,4.1,'Indeed','C0131')
INSERT INTO [PerfectAnalyst.Rating] VALUES ('R0249',3.8,3.8,3.5,3.4,3.9,4,'Indeed','C0132')
INSERT INTO [PerfectAnalyst.Rating] VALUES ('R0250',3.4,3.7,3.1,3.2,3.4,3.6,'Indeed','C0133')
INSERT INTO [PerfectAnalyst.Rating] VALUES ('R0251',4.2,4.1,3.9,4.1,4.2,4.4,'Indeed','C0134')
INSERT INTO [PerfectAnalyst.Rating] VALUES ('R0252',3.5,3.8,3.2,3,3.4,3.7,'Indeed','C0135')
INSERT INTO [PerfectAnalyst.Rating] VALUES ('R0253',3.9,4.1,3.4,3.4,3.7,4,'Indeed','C0136')
INSERT INTO [PerfectAnalyst.Rating] VALUES ('R0254',3.7,3.6,3.3,3.4,3.5,3.8,'Indeed','C0137')
INSERT INTO [PerfectAnalyst.Rating] VALUES ('R0255',3.6,3,3.1,3.4,3.5,3.7,'Indeed','C0138')
INSERT INTO [PerfectAnalyst.Rating] VALUES ('R0256',3.4,3.6,2.8,2.7,3.5,3.1,'Indeed','C0139')
INSERT INTO [PerfectAnalyst.Rating] VALUES ('R0257',4,4,3.5,3.5,3.6,4,'Indeed','C0140')
INSERT INTO [PerfectAnalyst.Rating] VALUES ('R0258',3.2,3.2,2.6,2.5,2.9,3,'Indeed','C0142')
INSERT INTO [PerfectAnalyst.Rating] VALUES ('R0259',3.3,3.2,2.5,2.6,2.8,3.2,'Indeed','C0143')
INSERT INTO [PerfectAnalyst.Rating] VALUES ('R0260',4.2,4.3,3.8,4.2,4.2,4.3,'Indeed','C0144')
INSERT INTO [PerfectAnalyst.Rating] VALUES ('R0261',3.5,3.5,2.9,3,3.1,3.7,'Indeed','C0145')
INSERT INTO [PerfectAnalyst.Rating] VALUES ('R0262',3.5,3.5,3.3,3.2,3.5,3.7,'Indeed','C0146')
INSERT INTO [PerfectAnalyst.Rating] VALUES ('R0263',3.7,3.4,3.4,2.6,2.7,2.9,'Indeed','C0147')
INSERT INTO [PerfectAnalyst.Rating] VALUES ('R0264',3.9,3.5,3.5,3.5,3.7,3.9,'Indeed','C0148')
INSERT INTO [PerfectAnalyst.Rating] VALUES ('R0265',3.6,3.4,3.1,3,3.4,3.4,'Indeed','C0149')
INSERT INTO [PerfectAnalyst.Rating] VALUES ('R0266',3.8,3.7,3.5,4,4,4,'Indeed','C0150')
INSERT INTO [PerfectAnalyst.Rating] VALUES ('R0267',3.5,3.5,3.2,3.1,3.4,3.6,'Indeed','C0151')
INSERT INTO [PerfectAnalyst.Rating] VALUES ('R0268',3.5,3.5,3.2,3.1,3.4,3.6,'Indeed','C0152')
INSERT INTO [PerfectAnalyst.Rating] VALUES ('R0270',3,2.6,3,2.7,3.2,3.2,'Glassdoor','C0154')
INSERT INTO [PerfectAnalyst.Rating] VALUES ('R0271',3.8,4.1,3.7,3.6,4.1,4,'Glassdoor','C0155')
INSERT INTO [PerfectAnalyst.Rating] VALUES ('R0272',2.6,2.5,2.9,2.5,2.8,3,'Glassdoor','C0156')
INSERT INTO [PerfectAnalyst.Rating] VALUES ('R0273',3.6,3.2,2.9,3.1,3.2,3.2,'Glassdoor','C0157')
INSERT INTO [PerfectAnalyst.Rating] VALUES ('R0274',2.5,2.7,2.3,2,2,2.3,'Glassdoor','C0158')
INSERT INTO [PerfectAnalyst.Rating] VALUES ('R0275',3.7,3.2,3.4,3.5,3.7,3.6,'Glassdoor','C0159')
INSERT INTO [PerfectAnalyst.Rating] VALUES ('R0277',4.7,4.6,4.9,4.9,4.9,4.9,'Glassdoor','C0161')
INSERT INTO [PerfectAnalyst.Rating] VALUES ('R0278',3.6,3.5,3.6,3.5,3.5,3.8,'Glassdoor','C0162')
INSERT INTO [PerfectAnalyst.Rating] VALUES ('R0279',3.3,3.3,3.4,3.4,3.4,3.6,'Glassdoor','C0163')
INSERT INTO [PerfectAnalyst.Rating] VALUES ('R0280',3.1,2.9,3.1,3.1,3.3,3.3,'Glassdoor','C0164')
INSERT INTO [PerfectAnalyst.Rating] VALUES ('R0281',3.2,3.2,3.1,2.8,3.1,3.2,'Glassdoor','C0165')
INSERT INTO [PerfectAnalyst.Rating] VALUES ('R0282',4.1,3.8,3.9,3.8,4,4.1,'Glassdoor','C0166')
INSERT INTO [PerfectAnalyst.Rating] VALUES ('R0283',3.5,3,3.3,3.3,3.8,3.8,'Glassdoor','C0167')
INSERT INTO [PerfectAnalyst.Rating] VALUES ('R0284',1.9,2.1,2,1.7,1.8,2,'Glassdoor','C0168')
INSERT INTO [PerfectAnalyst.Rating] VALUES ('R0287',3.8,3.7,4.1,3.9,4,4.1,'Glassdoor','C0171')
INSERT INTO [PerfectAnalyst.Rating] VALUES ('R0288',4.3,3.1,3.1,3.6,3.9,3.8,'Glassdoor','C0172')
INSERT INTO [PerfectAnalyst.Rating] VALUES ('R0289',3.6,3.3,3.1,3.2,3.3,3.4,'Glassdoor','C0173')
INSERT INTO [PerfectAnalyst.Rating] VALUES ('R0290',3.6,3.7,3.7,3.6,3.7,3.8,'Glassdoor','C0174')
INSERT INTO [PerfectAnalyst.Rating] VALUES ('R0291',3.8,3.9,3.8,3.5,4.3,3.9,'Glassdoor','C0175')
INSERT INTO [PerfectAnalyst.Rating] VALUES ('R0292',3.5,3.1,3.6,3.1,3.7,3.7,'Glassdoor','C0176')
INSERT INTO [PerfectAnalyst.Rating] VALUES ('R0293',3.6,3.7,3.3,3.3,3.5,4.2,'Glassdoor','C0177')
INSERT INTO [PerfectAnalyst.Rating] VALUES ('R0294',4.1,3.6,3.6,3.6,4,3.7,'Glassdoor','C0178')
INSERT INTO [PerfectAnalyst.Rating] VALUES ('R0295',4.2,4.4,4.4,4.4,4.4,4.6,'Glassdoor','C0179')
INSERT INTO [PerfectAnalyst.Rating] VALUES ('R0296',3.8,3.2,3.3,3.9,4,4.4,'Glassdoor','C0180')
INSERT INTO [PerfectAnalyst.Rating] VALUES ('R0298',3.3,3.1,3.4,3,3.2,3.6,'Glassdoor','C0182')
INSERT INTO [PerfectAnalyst.Rating] VALUES ('R0299',3.7,2.9,2.8,2.8,3,3.2,'Glassdoor','C0183')
INSERT INTO [PerfectAnalyst.Rating] VALUES ('R0300',4.4,4.4,4.4,4.4,4.4,4.3,'Glassdoor','C0184')
INSERT INTO [PerfectAnalyst.Rating] VALUES ('R0301',4.2,4,4.1,4.1,4.2,4.2,'Glassdoor','C0185')
INSERT INTO [PerfectAnalyst.Rating] VALUES ('R0302',3.4,3.5,3.5,3.2,3.4,3.4,'Glassdoor','C0186')
INSERT INTO [PerfectAnalyst.Rating] VALUES ('R0303',3.2,3.2,3.5,3,3.4,3.4,'Glassdoor','C0187')
INSERT INTO [PerfectAnalyst.Rating] VALUES ('R0304',4,4.1,4,4,3.9,4.2,'Glassdoor','C0188')
INSERT INTO [PerfectAnalyst.Rating] VALUES ('R0305',3.8,3.5,3.7,4,4,4.1,'Glassdoor','C0189')
INSERT INTO [PerfectAnalyst.Rating] VALUES ('R0306',4.5,4,4.3,4.8,4.8,4,'Glassdoor','C0190')
INSERT INTO [PerfectAnalyst.Rating] VALUES ('R0307',4.2,3.9,4.1,3.9,4.2,4.2,'Glassdoor','C0191')
INSERT INTO [PerfectAnalyst.Rating] VALUES ('R0308',3.6,3.4,3.3,3.4,3.7,3.7,'Glassdoor','C0192')
INSERT INTO [PerfectAnalyst.Rating] VALUES ('R0309',3.9,4,3.8,3.7,4,3.9,'Glassdoor','C0193')
INSERT INTO [PerfectAnalyst.Rating] VALUES ('R0310',4,3.7,4,4,4.1,4.1,'Glassdoor','C0194')
INSERT INTO [PerfectAnalyst.Rating] VALUES ('R0311',4.5,4,4.1,4.6,4.5,4.5,'Glassdoor','C0195')
INSERT INTO [PerfectAnalyst.Rating] VALUES ('R0312',3.5,3.8,3.8,3.4,3.9,3.9,'Glassdoor','C0196')
INSERT INTO [PerfectAnalyst.Rating] VALUES ('R0313',3.6,3.1,3.4,3.5,3.4,3.3,'Glassdoor','C0197')
INSERT INTO [PerfectAnalyst.Rating] VALUES ('R0314',3.1,3.3,3.3,2.8,3,3.4,'Glassdoor','C0198')
INSERT INTO [PerfectAnalyst.Rating] VALUES ('R0315',3.8,3.8,4.3,4,4,4,'Glassdoor','C0199')
INSERT INTO [PerfectAnalyst.Rating] VALUES ('R0316',3.7,3.4,3.4,3.2,3.7,3.6,'Glassdoor','C0200')
INSERT INTO [PerfectAnalyst.Rating] VALUES ('R0317',3.9,3.7,3.9,4.2,4.3,4.4,'Glassdoor','C0201')
INSERT INTO [PerfectAnalyst.Rating] VALUES ('R0318',4.2,3.3,3.5,3.5,3.8,3.6,'Glassdoor','C0202')
INSERT INTO [PerfectAnalyst.Rating] VALUES ('R0319',3.5,3.7,3.6,3.4,3.9,3.9,'Glassdoor','C0203')
INSERT INTO [PerfectAnalyst.Rating] VALUES ('R0320',3.6,3.6,3.6,3.3,3.7,3.7,'Glassdoor','C0204')
INSERT INTO [PerfectAnalyst.Rating] VALUES ('R0323',4,3.7,3.8,3.8,4.4,4.1,'Glassdoor','C0207')
INSERT INTO [PerfectAnalyst.Rating] VALUES ('R0324',3.5,3.8,3.3,3,3.8,3.6,'Glassdoor','C0208')
INSERT INTO [PerfectAnalyst.Rating] VALUES ('R0325',3,3.5,3.8,3.7,3.7,3.8,'Glassdoor','C0209')
INSERT INTO [PerfectAnalyst.Rating] VALUES ('R0326',3.1,2.6,2.7,2.7,3,3.1,'Indeed','C0154')
INSERT INTO [PerfectAnalyst.Rating] VALUES ('R0327',3.7,3.9,3.1,3.2,3.4,3.7,'Indeed','C0155')
INSERT INTO [PerfectAnalyst.Rating] VALUES ('R0328',2.8,2.5,2.6,2.6,2.7,2.9,'Indeed','C0156')
INSERT INTO [PerfectAnalyst.Rating] VALUES ('R0329',2.8,2.3,2,1.9,1.9,2,'Indeed','C0157')
INSERT INTO [PerfectAnalyst.Rating] VALUES ('R0330',3,3,2.5,2.7,2.8,2.9,'Indeed','C0158')
INSERT INTO [PerfectAnalyst.Rating] VALUES ('R0331',3.2,3.1,3.5,3.1,3,3.3,'Indeed','C0159')
INSERT INTO [PerfectAnalyst.Rating] VALUES ('R0332',4,4,3,3.5,3,3.5,'Indeed','C0160')
INSERT INTO [PerfectAnalyst.Rating] VALUES ('R0334',4.4,4,4.3,4.3,4.1,4.6,'Indeed','C0162')
INSERT INTO [PerfectAnalyst.Rating] VALUES ('R0335',3.4,3.1,2.9,3,3.1,3.4,'Indeed','C0163')
INSERT INTO [PerfectAnalyst.Rating] VALUES ('R0337',3.3,3.4,3,3,3.2,3.4,'Indeed','C0165')
INSERT INTO [PerfectAnalyst.Rating] VALUES ('R0338',3.2,3.2,2.5,2.1,2.8,3.2,'Indeed','C0166')
INSERT INTO [PerfectAnalyst.Rating] VALUES ('R0339',3.3,3.2,2.8,2.9,3.4,3.4,'Indeed','C0167')
INSERT INTO [PerfectAnalyst.Rating] VALUES ('R0340',2.7,2.7,2.2,2.4,2.6,2.6,'Indeed','C0168')
INSERT INTO [PerfectAnalyst.Rating] VALUES ('R0342',3,3.1,2.8,2.7,3.3,3,'Indeed','C0170')
INSERT INTO [PerfectAnalyst.Rating] VALUES ('R0343',3.7,3.4,3.1,3.5,3.7,3.9,'Indeed','C0171')
INSERT INTO [PerfectAnalyst.Rating] VALUES ('R0344',3.7,3.1,2.8,3.1,3.2,3.5,'Indeed','C0172')
INSERT INTO [PerfectAnalyst.Rating] VALUES ('R0345',3.4,3.1,3.1,3.2,3.3,3.5,'Indeed','C0173')
INSERT INTO [PerfectAnalyst.Rating] VALUES ('R0346',2.7,3,2.6,2.5,2.7,2.9,'Indeed','C0174')
INSERT INTO [PerfectAnalyst.Rating] VALUES ('R0347',3.7,3.5,3.5,3.2,3.9,3.9,'Indeed','C0175')
INSERT INTO [PerfectAnalyst.Rating] VALUES ('R0348',3.6,3.8,3.1,3.5,3.4,3.7,'Indeed','C0176')
INSERT INTO [PerfectAnalyst.Rating] VALUES ('R0349',3,3.4,2.9,2.9,3,3.4,'Indeed','C0177')
INSERT INTO [PerfectAnalyst.Rating] VALUES ('R0350',3,3.3,2.5,1.3,2.8,2.8,'Indeed','C0178')
INSERT INTO [PerfectAnalyst.Rating] VALUES ('R0352',3.8,3.4,3.1,3.1,3.7,3.7,'Indeed','C0180')
INSERT INTO [PerfectAnalyst.Rating] VALUES ('R0354',3.4,3,2.8,2.9,3.1,3.3,'Indeed','C0182')
INSERT INTO [PerfectAnalyst.Rating] VALUES ('R0355',3.7,3.3,3.2,3.3,3.5,3.7,'Indeed','C0183')
INSERT INTO [PerfectAnalyst.Rating] VALUES ('R0356',4,2,3,4,4,3.5,'Indeed','C0184')
INSERT INTO [PerfectAnalyst.Rating] VALUES ('R0357',4.6,4.5,4.6,4.6,4.5,4.6,'Indeed','C0185')
INSERT INTO [PerfectAnalyst.Rating] VALUES ('R0358',3.3,3.2,2.9,2.7,2.9,3.1,'Indeed','C0186')
INSERT INTO [PerfectAnalyst.Rating] VALUES ('R0359',3.4,3.4,3.2,3.2,3.3,3.5,'Indeed','C0187')
INSERT INTO [PerfectAnalyst.Rating] VALUES ('R0360',2.8,2.5,2.5,2.7,2.6,2.6,'Indeed','C0188')
INSERT INTO [PerfectAnalyst.Rating] VALUES ('R0361',3.1,3.7,3,3,3,3.3,'Indeed','C0189')
INSERT INTO [PerfectAnalyst.Rating] VALUES ('R0362',4,4,4,4,4,4.2,'Indeed','C0190')
INSERT INTO [PerfectAnalyst.Rating] VALUES ('R0363',3.9,3.9,3.4,3.5,3.7,3.9,'Indeed','C0191')
INSERT INTO [PerfectAnalyst.Rating] VALUES ('R0364',3.5,2.9,3,3.1,3.5,3.3,'Indeed','C0192')
INSERT INTO [PerfectAnalyst.Rating] VALUES ('R0365',3.4,3.8,3.1,3.1,3.3,3.6,'Indeed','C0193')
INSERT INTO [PerfectAnalyst.Rating] VALUES ('R0366',3.7,3.6,3.1,3.5,3.6,3.8,'Indeed','C0194')
INSERT INTO [PerfectAnalyst.Rating] VALUES ('R0367',3.5,3.5,3.3,3.3,3.6,3.7,'Indeed','C0195')
INSERT INTO [PerfectAnalyst.Rating] VALUES ('R0368',3.8,4,3.6,3.4,3.7,4,'Indeed','C0196')
INSERT INTO [PerfectAnalyst.Rating] VALUES ('R0369',3.8,3.8,3.8,3.7,3.8,3.8,'Indeed','C0197')
INSERT INTO [PerfectAnalyst.Rating] VALUES ('R0370',3.4,3.4,3.2,3,3.3,3.5,'Indeed','C0198')
INSERT INTO [PerfectAnalyst.Rating] VALUES ('R0371',3,3,2.1,2.2,2.3,2.5,'Indeed','C0199')
INSERT INTO [PerfectAnalyst.Rating] VALUES ('R0372',3.3,3.4,2.8,2.9,3.1,3.4,'Indeed','C0200')
INSERT INTO [PerfectAnalyst.Rating] VALUES ('R0373',5,2.5,2.5,2,1.5,3.7,'Indeed','C0201')
INSERT INTO [PerfectAnalyst.Rating] VALUES ('R0374',2,1,1,1,3,2,'Indeed','C0202')
INSERT INTO [PerfectAnalyst.Rating] VALUES ('R0375',3.9,3.7,3.3,3.7,4,4.1,'Indeed','C0203')
INSERT INTO [PerfectAnalyst.Rating] VALUES ('R0376',3.5,3.3,3.1,3.2,3,3.4,'Indeed','C0204')
INSERT INTO [PerfectAnalyst.Rating] VALUES ('R0379',3.9,3.7,3.6,3.6,4,4,'Indeed','C0207')
INSERT INTO [PerfectAnalyst.Rating] VALUES ('R0380',3.6,3.4,4,3.4,3.7,3.8,'Indeed','C0208')

SELECT COUNT(*) FROM [PerfectAnalyst.Rating] -- 366

--- CHECK TABLE 

INSERT INTO [PerfectAnalyst.Check] VALUES ('P0305','JS001','JB031')
INSERT INTO [PerfectAnalyst.Check] VALUES ('P0312','JS002','JB033')
INSERT INTO [PerfectAnalyst.Check] VALUES ('P0314','JS003','JB035')
INSERT INTO [PerfectAnalyst.Check] VALUES ('P0315','JS004','JB037')
INSERT INTO [PerfectAnalyst.Check] VALUES ('P0316','JS005','JB039')
INSERT INTO [PerfectAnalyst.Check] VALUES ('P0317','JS006','JB041')
INSERT INTO [PerfectAnalyst.Check] VALUES ('P0318','JS007','JB043')
INSERT INTO [PerfectAnalyst.Check] VALUES ('P0319','JS008','JB045')
INSERT INTO [PerfectAnalyst.Check] VALUES ('P0320','JS009','JB047')
INSERT INTO [PerfectAnalyst.Check] VALUES ('P0321','JS010','JB049')
INSERT INTO [PerfectAnalyst.Check] VALUES ('P0322','JS011','JB051')
INSERT INTO [PerfectAnalyst.Check] VALUES ('P0323','JS012','JB053')
INSERT INTO [PerfectAnalyst.Check] VALUES ('P0324','JS013','JB055')
INSERT INTO [PerfectAnalyst.Check] VALUES ('P0309','JS014','JB057')
INSERT INTO [PerfectAnalyst.Check] VALUES ('P0313','JS015','JB059')
INSERT INTO [PerfectAnalyst.Check] VALUES ('P0350','JS001','JB044')
INSERT INTO [PerfectAnalyst.Check] VALUES ('P0351','JS002','JB045')
INSERT INTO [PerfectAnalyst.Check] VALUES ('P0352','JS003','JB046')
INSERT INTO [PerfectAnalyst.Check] VALUES ('P0353','JS004','JB047')
INSERT INTO [PerfectAnalyst.Check] VALUES ('P0354','JS005','JB048')
INSERT INTO [PerfectAnalyst.Check] VALUES ('P0355','JS006','JB049')
INSERT INTO [PerfectAnalyst.Check] VALUES ('P0356','JS007','JB050')
INSERT INTO [PerfectAnalyst.Check] VALUES ('P0357','JS008','JB051')
INSERT INTO [PerfectAnalyst.Check] VALUES ('P0358','JS009','JB052')
INSERT INTO [PerfectAnalyst.Check] VALUES ('P0359','JS010','JB053')
INSERT INTO [PerfectAnalyst.Check] VALUES ('P0360','JS011','JB054')
INSERT INTO [PerfectAnalyst.Check] VALUES ('P0361','JS012','JB055')
INSERT INTO [PerfectAnalyst.Check] VALUES ('P0362','JS013','JB056')
INSERT INTO [PerfectAnalyst.Check] VALUES ('P0363','JS014','JB069')
INSERT INTO [PerfectAnalyst.Check] VALUES ('P0364','JS015','JB070')
INSERT INTO [PerfectAnalyst.Check] VALUES ('P0365','JS001','JB071')
INSERT INTO [PerfectAnalyst.Check] VALUES ('P0366','JS002','JB072')
INSERT INTO [PerfectAnalyst.Check] VALUES ('P0367','JS003','JB073')
INSERT INTO [PerfectAnalyst.Check] VALUES ('P0368','JS004','JB074')
INSERT INTO [PerfectAnalyst.Check] VALUES ('P0369','JS005','JB075')
INSERT INTO [PerfectAnalyst.Check] VALUES ('P0370','JS006','JB076')
INSERT INTO [PerfectAnalyst.Check] VALUES ('P0371','JS007','JB077')
INSERT INTO [PerfectAnalyst.Check] VALUES ('P0372','JS008','JB078')
INSERT INTO [PerfectAnalyst.Check] VALUES ('P0373','JS009','JB079')

SELECT COUNT(*) FROM [PerfectAnalyst.Check] -- 39

---APPLY TABLE 
INSERT INTO [PerfectAnalyst.Apply] VALUES ('JS001','JB001','C0001','2022-1-20','Started')
INSERT INTO [PerfectAnalyst.Apply] VALUES ('JS002','JB003','C0003','2022-1-20','Completed')
INSERT INTO [PerfectAnalyst.Apply] VALUES ('JS003','JB005','C0005','2022-1-20','Started')
INSERT INTO [PerfectAnalyst.Apply] VALUES ('JS004','JB007','C0007','2022-1-20','Completed')
INSERT INTO [PerfectAnalyst.Apply] VALUES ('JS005','JB009','C0009','2022-1-20','Completed')
INSERT INTO [PerfectAnalyst.Apply] VALUES ('JS006','JB011','C0011','2022-1-20','Completed')
INSERT INTO [PerfectAnalyst.Apply] VALUES ('JS007','JB013','C0013','2022-1-20','Started')
INSERT INTO [PerfectAnalyst.Apply] VALUES ('JS008','JB015','C0015','2022-1-20','Completed')
INSERT INTO [PerfectAnalyst.Apply] VALUES ('JS009','JB017','C0017','2022-1-20','Completed')
INSERT INTO [PerfectAnalyst.Apply] VALUES ('JS010','JB019','C0019','2022-1-20','Completed')
INSERT INTO [PerfectAnalyst.Apply] VALUES ('JS011','JB021','C0021','2022-1-20','Started')
INSERT INTO [PerfectAnalyst.Apply] VALUES ('JS012','JB023','C0023','2022-1-20','Completed')
INSERT INTO [PerfectAnalyst.Apply] VALUES ('JS013','JB025','C0025','2022-1-20','Completed')
INSERT INTO [PerfectAnalyst.Apply] VALUES ('JS014','JB027','C0154','2022-1-20','Started')
INSERT INTO [PerfectAnalyst.Apply] VALUES ('JS015','JB029','C0028','2022-1-20','Completed')
INSERT INTO [PerfectAnalyst.Apply] VALUES ('JS001','JB031','C0030','2022-1-20','Started')
INSERT INTO [PerfectAnalyst.Apply] VALUES ('JS002','JB033','C0032','2022-1-20','Completed')
INSERT INTO [PerfectAnalyst.Apply] VALUES ('JS003','JB035','C0034','2022-1-20','Started')
INSERT INTO [PerfectAnalyst.Apply] VALUES ('JS004','JB037','C0036','2022-1-20','Completed')
INSERT INTO [PerfectAnalyst.Apply] VALUES ('JS005','JB039','C0038','2022-1-20','Completed')
INSERT INTO [PerfectAnalyst.Apply] VALUES ('JS006','JB041','C0040','2022-1-20','Completed')
INSERT INTO [PerfectAnalyst.Apply] VALUES ('JS007','JB043','C0042','2022-1-20','Started')
INSERT INTO [PerfectAnalyst.Apply] VALUES ('JS008','JB045','C0044','2022-1-20','Started')
INSERT INTO [PerfectAnalyst.Apply] VALUES ('JS009','JB047','C0046','2022-1-20','Completed')
INSERT INTO [PerfectAnalyst.Apply] VALUES ('JS010','JB049','C0048','2022-1-20','Completed')
INSERT INTO [PerfectAnalyst.Apply] VALUES ('JS011','JB051','C0050','2022-1-20','Started')
INSERT INTO [PerfectAnalyst.Apply] VALUES ('JS012','JB053','C0052','2022-1-20','Completed')
INSERT INTO [PerfectAnalyst.Apply] VALUES ('JS013','JB055','C0054','2022-1-20','Completed')
INSERT INTO [PerfectAnalyst.Apply] VALUES ('JS014','JB057','C0056','2022-1-20','Started')
INSERT INTO [PerfectAnalyst.Apply] VALUES ('JS015','JB059','C0058','2022-1-20','Completed')
INSERT INTO [PerfectAnalyst.Apply] VALUES ('JS001','JB101','C0098','2022-1-20','Started')
INSERT INTO [PerfectAnalyst.Apply] VALUES ('JS002','JB102','C0099','2022-1-20','Completed')
INSERT INTO [PerfectAnalyst.Apply] VALUES ('JS001','JB127','C0120','2022-1-20','Completed')
INSERT INTO [PerfectAnalyst.Apply] VALUES ('JS004','JB128','C0121','2022-1-20','Completed')
INSERT INTO [PerfectAnalyst.Apply] VALUES ('JS005','JB129','C0002','2022-1-20','Started')
INSERT INTO [PerfectAnalyst.Apply] VALUES ('JS006','JB154','C0156','2022-1-20','Started')
INSERT INTO [PerfectAnalyst.Apply] VALUES ('JS007','JB155','C0157','2022-1-20','Completed')
INSERT INTO [PerfectAnalyst.Apply] VALUES ('JS008','JB156','C0158','2022-1-20','Completed')
INSERT INTO [PerfectAnalyst.Apply] VALUES ('JS009','JB198','C0148','2022-1-20','Started')
INSERT INTO [PerfectAnalyst.Apply] VALUES ('JS010','JB199','C0149','2022-1-20','Completed')
INSERT INTO [PerfectAnalyst.Apply] VALUES ('JS011','JB200','C0150','2022-1-20','Completed')
INSERT INTO [PerfectAnalyst.Apply] VALUES ('JS012','JB150','C0139','2022-1-20','Started')
INSERT INTO [PerfectAnalyst.Apply] VALUES ('JS003','JB151','C0140','2022-1-20','Completed')
INSERT INTO [PerfectAnalyst.Apply] VALUES ('JS014','JB152','C0141','2022-1-20','Completed')
INSERT INTO [PerfectAnalyst.Apply] VALUES ('JS015','JB076','C0075','2022-1-20','Started')
INSERT INTO [PerfectAnalyst.Apply] VALUES ('JS007','JB077','C0076','2022-1-20','Completed')
INSERT INTO [PerfectAnalyst.Apply] VALUES ('JS005','JB078','C0077','2022-1-20','Completed')
INSERT INTO [PerfectAnalyst.Apply] VALUES ('JS009','JB083','C0082','2022-1-20','Completed')
INSERT INTO [PerfectAnalyst.Apply] VALUES ('JS012','JB084','C0083','2022-1-20','Started')

SELECT COUNT(*) FROM [PerfectAnalyst.Apply] -- 49


SELECT * FROM [PerfectAnalyst.Apply]

SELECT * FROM [PerfectAnalyst.Check]

SELECT * FROM [PerfectAnalyst.Company]

SELECT * FROM [PerfectAnalyst.Has]

SELECT * FROM [PerfectAnalyst.Job]

SELECT * FROM [PerfectAnalyst.JobSeeker]

SELECT * FROM [PerfectAnalyst.JobSeekerEducation]

SELECT * FROM [PerfectAnalyst.JobSeekerPreviousExperience]

SELECT * FROM [PerfectAnalyst.ProfileMatch]

SELECT * FROM [PerfectAnalyst.Rating]

SELECT * FROM [PerfectAnalyst.Require]

SELECT * FROM [PerfectAnalyst.Skill]